school_name,curriculum,dsib_rating,area,tuition_nursery_ecc,tuition_fs1,tuition_fs2,tuition_primary,tuition_secondary_y7_9,tuition_gcse_y10_11,tuition_sixth_form_y12_13,fee_currency,fee_period,khda_lowest_fee,khda_highest_fee,khda_average_fee,transport_fee_min_aed,transport_fee_max_aed,source_url,notes
Dubai English Speaking School,UK,Outstanding,oud metha,,43084.0,53320.0,53320.0,,,,AED,Annual,41427.0,53320.0,51040.0,7999.0,8000.0,https://web.khda.gov.ae/en/Education-Directory/Schools/School-Details?Id=202&CenterID=50,
Durham School L.L.C,UK,Acceptable,dubai investment park first,,55269.0,55269.0,76762.0,95186.0,95186.0,,AED,Annual,54000.0,95186.0,76387.0,8500.0,10500.0,https://web.khda.gov.ae/en/Education-Directory/Schools/School-Details?Id=5563&CenterID=502857,
Jumeirah English Speaking School,UK,Outstanding,al safa first,,54131.0,65098.0,65098.0,,,,AED,Annual,48331.0,65098.0,61015.0,,,https://web.khda.gov.ae/en/Education-Directory/Schools/School-Details?Id=200&CenterID=51,
Kings School Dubai L.L.C,UK,Outstanding,umm suqeim third,,47179.0,47179.0,71801.0,,,,AED,Annual,46096.0,71801.0,58808.0,,,https://web.khda.gov.ae/en/Education-Directory/Schools/School-Details?Id=273&CenterID=115,
Dubai Schools Corporation Nad AlShiba L.L.C,American,Acceptable,nadd al shiba fourth,33161.0,,,42271.0,45853.0,,,AED,Annual,29900.0,44829.0,36795.0,,,https://web.khda.gov.ae/en/Education-Directory/Schools/School-Details?Id=5566&CenterID=503338,
GEMS Jumeira Primary School - Dubai Branch,UK,Outstanding,jumeira third,,44200.0,55714.0,55714.0,,,,AED,Annual,43185.0,55714.0,53652.0,7900.0,10300.0,https://web.khda.gov.ae/en/Education-Directory/Schools/School-Details?Id=281&CenterID=64,
Bloom World Academy L.L.C,International Baccalaureate,Good,al barsha second,55000.0,,,70000.0,78000.0,85000.0,85000.0,AED,Annual,48000.0,85000.0,63438.0,5700.0,10000.0,https://web.khda.gov.ae/en/Education-Directory/Schools/School-Details?Id=5562&CenterID=502805,
Citizens School,UK,Good,al satwa,,45000.0,55000.0,65000.0,80000.0,,,AED,Annual,42150.0,75000.0,58958.0,,,https://web.khda.gov.ae/en/Education-Directory/Schools/School-Details?Id=5560&CenterID=14720,
GEMS Dubai American Academy - Dubai Branch,American,Outstanding,al barsha south first,66185.0,,,93300.0,93300.0,93300.0,93300.0,AED,Annual,64665.0,93300.0,88878.0,6670.0,10600.0,https://web.khda.gov.ae/en/Education-Directory/Schools/School-Details?Id=262&CenterID=33,
Horizons English School L.L.C,UK,Outstanding,al wasl,,31503.0,31503.0,44121.0,,,,AED,Annual,30780.0,44121.0,40496.0,6750.0,10000.0,https://web.khda.gov.ae/en/Education-Directory/Schools/School-Details?Id=276&CenterID=56,
Dubai College,UK,Outstanding,al safouh first,,,,,97415.0,97415.0,110305.0,AED,Annual,93220.0,110305.0,98921.0,7131.0,7131.0,https://web.khda.gov.ae/en/Education-Directory/Schools/School-Details?Id=192&CenterID=70,
GEMS Modern Academy,Indian,Outstanding,nadd al shiba first,38246.0,,,48173.0,51345.0,73876.0,73876.0,AED,Annual,30272.0,73876.0,48940.0,5900.0,7750.0,https://web.khda.gov.ae/en/Education-Directory/Schools/School-Details?Id=239&CenterID=78,
Deira International School,IB,Outstanding,dubai festival city,,44616.0,44616.0,63057.0,68094.0,81501.0,89889.0,AED,Annual,43592.0,89889.0,67116.0,1.0,12000.0,https://web.khda.gov.ae/en/Education-Directory/Schools/School-Details?Id=280&CenterID=124,
Dubai International Academy L.L.C,IB,Outstanding,emirates hills,50726.0,,,57983.0,65224.0,72482.0,79696.0,AED,Annual,43946.0,79696.0,61740.0,9000.0,10000.0,https://web.khda.gov.ae/en/Education-Directory/Schools/School-Details?Id=285&CenterID=129,
Jumeirah College,UK,Outstanding,al safa first,,,,,78946.0,88813.0,98681.0,AED,Annual,77133.0,98681.0,86400.0,7900.0,10500.0,https://web.khda.gov.ae/en/Education-Directory/Schools/School-Details?Id=205&CenterID=71,
Dubai British School,UK,Outstanding,emirates hills,,53027.0,53027.0,60608.0,71976.0,71976.0,79541.0,AED,Annual,51809.0,79541.0,64155.0,,,https://web.khda.gov.ae/en/Education-Directory/Schools/School-Details?Id=213&CenterID=134,
Jumeirah English Speaking School (Br),International Baccalaureate,Outstanding,arabian ranches,,54130.0,65100.0,65100.0,92857.0,92857.0,105607.0,AED,Annual,48330.0,105607.0,76502.0,,,https://web.khda.gov.ae/en/Education-Directory/Schools/School-Details?Id=206&CenterID=131,
Repton School,UK/IB,Outstanding,nadd al shiba third,,57178.0,63025.0,75953.0,86529.0,95182.0,102753.0,AED,Annual,55865.0,102753.0,77978.0,6700.0,12650.0,https://web.khda.gov.ae/en/Education-Directory/Schools/School-Details?Id=356&CenterID=145,
GEMS Wellington International School - Dubai Branch,IB,Outstanding,al safouh first,,47527.0,59862.0,59862.0,82540.0,92879.0,103399.0,AED,Annual,46436.0,103399.0,72936.0,8000.0,12000.0,https://web.khda.gov.ae/en/Education-Directory/Schools/School-Details?Id=272&CenterID=122,
Lycee Francais International Georges Pompidou School Oud Metha,French,Outstanding,oud metha,31276.0,,,,,,,AED,Annual,30558.0,31276.0,30917.0,5000.0,8500.0,https://web.khda.gov.ae/en/Education-Directory/Schools/School-Details?Id=316&CenterID=371,
Dubai English Speaking School - (College),UK,Outstanding,academic city,,,,,84325.0,84325.0,90633.0,AED,Annual,81082.0,90633.0,84471.0,7100.0,7999.0,https://web.khda.gov.ae/en/Education-Directory/Schools/School-Details?Id=255&CenterID=357,
Safa Community School,UK,Outstanding,al barsha south first,,54437.0,54437.0,63703.0,79919.0,82732.0,89440.0,AED,Annual,53187.0,89440.0,67972.0,8850.0,10000.0,https://web.khda.gov.ae/en/Education-Directory/Schools/School-Details?Id=4443&CenterID=1281,
Lycee Francais International,French,Outstanding,oud metha,29488.0,,,41806.0,47509.0,62363.0,62363.0,AED,Annual,28811.0,62363.0,41019.0,8500.0,8500.0,https://web.khda.gov.ae/en/Education-Directory/Schools/School-Details?Id=284&CenterID=341,
Nord Anglia International School L.L.C,UK,Outstanding,al barsha second,,69625.0,69625.0,87030.0,92832.0,99794.0,105288.0,AED,Annual,68026.0,105288.0,88208.0,0.0,10500.0,https://web.khda.gov.ae/en/Education-Directory/Schools/School-Details?Id=4441&CenterID=2222,
Kings School Al Barsha L.L.C,UK,Outstanding,al barsha second,,57999.0,57999.0,73595.0,95432.0,109064.0,115088.0,AED,Annual,56667.0,115088.0,81265.0,8000.0,11000.0,https://web.khda.gov.ae/en/Education-Directory/Schools/School-Details?Id=4446&CenterID=2409,
The English College Dubai L.L.C,UK,Very good,umm suqeim first,,52112.0,52112.0,57196.0,56982.0,61817.0,68265.0,AED,Annual,50915.0,68265.0,57560.0,6950.0,9950.0,https://web.khda.gov.ae/en/Education-Directory/Schools/School-Details?Id=278&CenterID=45,
Dubai British School Jumeirah Park,UK,Outstanding,jumeirah park,,65719.0,65719.0,83849.0,95029.0,111799.0,111799.0,AED,Annual,44947.0,111799.0,87287.0,,,https://web.khda.gov.ae/en/Education-Directory/Schools/School-Details?Id=4449&CenterID=14564,
Victory Heights Primary School L.L.C,UK,Outstanding,dubai sports city,,40138.0,43785.0,54733.0,,,,AED,Annual,39216.0,54733.0,48243.0,6800.0,12500.0,https://web.khda.gov.ae/en/Education-Directory/Schools/School-Details?Id=4429&CenterID=1423,
Regent International Private School L.L.C,UK,Very good,al barsha second,,49076.0,49076.0,57254.0,73250.0,96723.0,103630.0,AED,Annual,47949.0,103630.0,69552.0,6440.0,12000.0,https://web.khda.gov.ae/en/Education-Directory/Schools/School-Details?Id=271&CenterID=62,
GEMS Our Own English High School,Indian,Very good,al warqa first,7828.0,,,10890.0,13612.0,17257.0,16549.0,AED,Annual,7648.0,17257.0,12557.0,4380.0,6000.0,https://web.khda.gov.ae/en/Education-Directory/Schools/School-Details?Id=238&CenterID=77,
Delhi Private School L.L.C,Indian,Very good,jabal ali first,11139.0,,,13302.0,,,,AED,Annual,10883.0,15592.0,13040.0,,,https://web.khda.gov.ae/en/Education-Directory/Schools/School-Details?Id=243&CenterID=112,
The Indian High School,Indian,Very good,oud metha,,,,6696.0,8373.0,10465.0,10465.0,AED,Annual,5525.0,10465.0,7911.0,4300.0,8500.0,https://web.khda.gov.ae/en/Education-Directory/Schools/School-Details?Id=324&CenterID=81,
The Millenium School,Indian,Very good,al qusais first,18278.0,,,24189.0,25265.0,26876.0,26876.0,AED,Annual,17858.0,26876.0,22615.0,,,https://web.khda.gov.ae/en/Education-Directory/Schools/School-Details?Id=217&CenterID=91,
GEMS Royal Dubai School - Dubai Branch,UK,Very good,mirdif,,40252.0,50753.0,50753.0,76763.0,,,AED,Annual,39328.0,50753.0,48873.0,,,https://web.khda.gov.ae/en/Education-Directory/Schools/School-Details?Id=312&CenterID=123,
Emirates International School L.L.C.,IB,Very good,umm suqeim first,,38636.0,38636.0,51510.0,60716.0,69913.0,81872.0,AED,Annual,37749.0,81872.0,55894.0,8800.0,10000.0,https://web.khda.gov.ae/en/Education-Directory/Schools/School-Details?Id=291&CenterID=103,
GEMS Our Own Indian School,Indian,Very good,al qouz first,7209.0,,,9347.0,11741.0,14696.0,14696.0,AED,Annual,7043.0,14696.0,10729.0,3710.0,5980.0,https://web.khda.gov.ae/en/Education-Directory/Schools/School-Details?Id=237&CenterID=89,
The Winchester School - DUBAI BRANCH,UK,Very good,jabal ali first,,14950.0,14950.0,19936.0,23674.0,26685.0,33352.0,AED,Annual,14607.0,33352.0,21543.0,4600.0,8000.0,https://web.khda.gov.ae/en/Education-Directory/Schools/School-Details?Id=270&CenterID=72,
Safa British School,UK,Very good,al safa first,,45428.0,49754.0,60571.0,67060.0,70305.0,,AED,Annual,44385.0,73550.0,59264.0,2000.0,10000.0,https://web.khda.gov.ae/en/Education-Directory/Schools/School-Details?Id=194&CenterID=120,
Raffles International School L.L.C (Umm Suqeim South Br),UK,Very good,umm suqeim third,,34055.0,34055.0,63748.0,71923.0,78460.0,87879.0,AED,Annual,33273.0,87879.0,61207.0,9000.0,10000.0,https://web.khda.gov.ae/en/Education-Directory/Schools/School-Details?Id=4288&CenterID=344,
EMIRATES INTERNATIONAL SCHOOL MEADOWS,IB,Very good,meadows,,28990.0,38046.0,50734.0,59790.0,68858.0,85976.0,AED,Annual,28324.0,85976.0,53166.0,8800.0,10000.0,https://web.khda.gov.ae/en/Education-Directory/Schools/School-Details?Id=186&CenterID=133,
Lycee Francais International Georges Pompidou School (Dubai Branch),French,Very good,al rowaiyah first,,,,46695.0,46695.0,50700.0,50700.0,AED,Annual,36072.0,50700.0,43122.0,4925.0,8000.0,https://web.khda.gov.ae/en/Education-Directory/Schools/School-Details?Id=309&CenterID=137,
Universal American School - Branch,US/IB,Very good,ras al khor,48960.0,,,72328.0,81834.0,81834.0,81834.0,AED,Annual,39450.0,81834.0,66506.0,1.0,12000.0,https://web.khda.gov.ae/en/Education-Directory/Schools/School-Details?Id=264&CenterID=125,
Greenfield International School,International Baccalaureate,Very good,dubai investment park first,48434.0,,,58124.0,83786.0,89192.0,89192.0,AED,Annual,34286.0,89192.0,62475.0,,,https://web.khda.gov.ae/en/Education-Directory/Schools/School-Details?Id=350&CenterID=142,
German International School Dubai,German,Very good,academic city,42843.0,,,62656.0,62656.0,73227.0,73227.0,AED,Annual,38760.0,73227.0,54725.0,8500.0,11650.0,https://web.khda.gov.ae/en/Education-Directory/Schools/School-Details?Id=286&CenterID=116,
Raffles World Academy,International Baccalaureate,Very good,umm suqeim third,40253.0,,,62794.0,70845.0,93922.0,93922.0,AED,Annual,32774.0,93922.0,61366.0,9000.0,10000.0,https://web.khda.gov.ae/en/Education-Directory/Schools/School-Details?Id=354&CenterID=343,
GEMS WORLD ACADEMY,International Baccalaureate,Very good,al barsha first,88960.0,,,102378.0,112709.0,123442.0,123442.0,AED,Annual,69480.0,123442.0,96798.0,6450.0,9850.0,https://web.khda.gov.ae/en/Education-Directory/Schools/School-Details?Id=348&CenterID=369,
Horizon International School L.L.C,UK,Very good,umm al sheif,,38832.0,38832.0,54377.0,61587.0,66374.0,73124.0,AED,Annual,37940.0,73124.0,55426.0,6750.0,10000.0,https://web.khda.gov.ae/en/Education-Directory/Schools/School-Details?Id=4281&CenterID=358,
JSS International School L.L.C,Indian,Very good,jumeirah village circle (south),18120.0,,,25366.0,34105.0,39321.0,43698.0,AED,Annual,16362.0,43698.0,26353.0,5000.0,7000.0,https://web.khda.gov.ae/en/Education-Directory/Schools/School-Details?Id=4299&CenterID=370,
GEMS New Millennium School L.L.C,Indian,Very good,al khail,23143.0,,,31244.0,32401.0,33557.0,33557.0,AED,Annual,22612.0,33557.0,28847.0,5350.0,7400.0,https://web.khda.gov.ae/en/Education-Directory/Schools/School-Details?Id=4427&CenterID=1267,
GEMS Wellington Academy -Fze,UK,Very good,dubai silicon oasis,,40340.0,50099.0,50099.0,80681.0,83284.0,91093.0,AED,Annual,39414.0,91093.0,62375.0,6400.0,10500.0,https://web.khda.gov.ae/en/Education-Directory/Schools/School-Details?Id=4407&CenterID=667,
Ambassador School,Indian,Very good,mankhool,22848.0,,,26613.0,38287.0,44956.0,45750.0,AED,Annual,22323.0,45750.0,30184.0,4500.0,9000.0,https://web.khda.gov.ae/en/Education-Directory/Schools/School-Details?Id=4319&CenterID=401,
Repton Al Barsha Fz-Llc,UK,Very good,al barsha south,,53540.0,58948.0,75172.0,89774.0,89774.0,89774.0,AED,Annual,52311.0,89774.0,75531.0,7623.0,12650.0,https://web.khda.gov.ae/en/Education-Directory/Schools/School-Details?Id=4434&CenterID=1441,
JSS Private School L.L.C,Indian,Very good,al wasl,12731.0,,,16550.0,19096.0,22524.0,26375.0,AED,Annual,11866.0,26375.0,16608.0,5000.0,7000.0,https://web.khda.gov.ae/en/Education-Directory/Schools/School-Details?Id=4403&CenterID=518,
GEMS Wellington Academy Al Khail L.L.C,UK,Very good,al khail,,62338.0,77923.0,77923.0,101900.0,109800.0,109800.0,AED,Annual,50725.0,109800.0,86781.0,5500.0,10000.0,https://web.khda.gov.ae/en/Education-Directory/Schools/School-Details?Id=4432&CenterID=1458,
Uptown International School (Br. of Taaleem Management LLC),International Baccalaureate,Very good,mirdif,62929.0,,,88101.0,88101.0,96461.0,96461.0,AED,Annual,38044.0,96461.0,72305.0,,,https://web.khda.gov.ae/en/Education-Directory/Schools/School-Details?Id=4423&CenterID=1014,
Jumeira Baccalaureate School,International Baccalaureate,Very good,jumeira first,64201.0,,,83459.0,83459.0,96300.0,96300.0,AED,Annual,62727.0,96300.0,80386.0,5000.0,10000.0,https://web.khda.gov.ae/en/Education-Directory/Schools/School-Details?Id=4318&CenterID=509,
GEMS First Point School L.L.C,UK,Very good,dubai land,,44288.0,44288.0,58274.0,64102.0,69929.0,75756.0,AED,Annual,43271.0,75756.0,58654.0,5250.0,8500.0,https://web.khda.gov.ae/en/Education-Directory/Schools/School-Details?Id=4439&CenterID=2261,
Kings School Nad Al Sheba L.L.C,UK,Very good,nadd al shiba first,,58289.0,58289.0,73965.0,89341.0,96618.0,105318.0,AED,Annual,42271.0,96618.0,69990.0,6000.0,8500.0,https://web.khda.gov.ae/en/Education-Directory/Schools/School-Details?Id=4440&CenterID=2410,
Ranches Primary School,UK,Very good,arabian ranches,,50436.0,50436.0,61643.0,,,,AED,Annual,49278.0,61643.0,58166.0,6500.0,7500.0,https://web.khda.gov.ae/en/Education-Directory/Schools/School-Details?Id=5467&CenterID=14450,
Credence High School L.L.C,Indian,Very good,al qouz first,16923.0,,,23691.0,28204.0,28736.0,28736.0,AED,Annual,16534.0,28736.0,22746.0,3500.0,8500.0,https://web.khda.gov.ae/en/Education-Directory/Schools/School-Details?Id=4437&CenterID=1604,
Jebel Ali School (Br of Taaleem Management (L L C)),UK,Very good,jabal ali first,,49636.0,49636.0,49636.0,89774.0,89774.0,101671.0,AED,Annual,48496.0,101671.0,69150.0,5000.0,10000.0,https://web.khda.gov.ae/en/Education-Directory/Schools/School-Details?Id=218&CenterID=14719,
Bilingual French International School L.L.C-FZ,French,Very good,meydan city,63926.0,,,84868.0,90378.0,96306.0,100688.0,AED,Annual,48459.0,96306.0,76714.0,1000.0,10000.0,https://web.khda.gov.ae/en/Education-Directory/Schools/School-Details?Id=4435&CenterID=1440,
Brighton College Dubai L.L.C,UK,Very good,al barsha second,,70539.0,88174.0,100298.0,112421.0,117933.0,117933.0,AED,Annual,68919.0,117933.0,100381.0,8000.0,15000.0,https://web.khda.gov.ae/en/Education-Directory/Schools/School-Details?Id=5514&CenterID=152035,
Sunmarke School FZE,IB,Very good,al khail,,61643.0,67248.0,78456.0,89664.0,100872.0,106475.0,AED,Annual,60228.0,106475.0,86027.0,6440.0,12000.0,https://web.khda.gov.ae/en/Education-Directory/Schools/School-Details?Id=5475&CenterID=152056,
Swiss International Scientific School FZ-LLC,International Baccalaureate,Very good,dubai healthcare city,76903.0,,,109042.0,126259.0,137736.0,,AED,Annual,67287.0,137736.0,101473.0,7900.0,10200.0,https://web.khda.gov.ae/en/Education-Directory/Schools/School-Details?Id=4450&CenterID=14567,
Kent College L.L.C - FZ,UK,Very good,nadd al shiba second,,59518.0,59518.0,88174.0,94786.0,101400.0,108013.0,AED,Annual,58151.0,108013.0,84547.0,30.0,12000.0,https://web.khda.gov.ae/en/Education-Directory/Schools/School-Details?Id=5476&CenterID=152102,
Hartland International School - FZ,International Baccalaureate,Very good,meydan city,,48781.0,54730.0,66628.0,83285.0,88044.0,92803.0,AED,Annual,43328.0,92803.0,71537.0,2250.0,9000.0,https://web.khda.gov.ae/en/Education-Directory/Schools/School-Details?Id=4448&CenterID=14633,
GEMS Founders School - Dubai Branch,UK,Very good,al barsha second,,24749.0,28126.0,30375.0,32624.0,34875.0,37124.0,AED,Annual,24181.0,37124.0,31435.0,4960.0,7330.0,https://web.khda.gov.ae/en/Education-Directory/Schools/School-Details?Id=5488&CenterID=14568,
Arcadia British School,UK,Very good,jumeirah village circle (south),,67687.0,67687.0,77839.0,88419.0,93945.0,96209.0,AED,Annual,66133.0,96209.0,80934.0,5000.0,10500.0,https://web.khda.gov.ae/en/Education-Directory/Schools/School-Details?Id=5471&CenterID=151820,
Dubai Heights Academy,IB,Very good,al barsha second,,48688.0,55536.0,64312.0,79185.0,90741.0,96880.0,AED,Annual,47570.0,90741.0,63322.0,9000.0,12000.0,https://web.khda.gov.ae/en/Education-Directory/Schools/School-Details?Id=5497&CenterID=152197,
Lycee Francais Jean Mermoz L.L.C,French,Very good,al qouz first,46420.0,,,55262.0,61893.0,64104.0,,AED,Annual,38875.0,64634.0,52324.0,9000.0,12000.0,https://web.khda.gov.ae/en/Education-Directory/Schools/School-Details?Id=5492&CenterID=152343,
Lycee Libanais Francophone Prive Meydan L.L.C - FZ,French,Very good,meydan city,42004.0,,,50405.0,54606.0,69307.0,69307.0,AED,Annual,38988.0,69307.0,49688.0,10900.0,10900.0,https://web.khda.gov.ae/en/Education-Directory/Schools/School-Details?Id=5557&CenterID=502308,
Royal Grammar School Guildford L.L.C,UK,Very good,dubai sports city,,78758.0,84009.0,101861.0,113412.0,119713.0,,AED,Annual,76950.0,119713.0,97664.0,7000.0,7900.0,https://web.khda.gov.ae/en/Education-Directory/Schools/School-Details?Id=5542&CenterID=500628,
Dubai International Academy Albarsha,International Baccalaureate,Very good,al barsha first,60459.0,,,79221.0,87792.0,96309.0,96309.0,AED,Annual,51892.0,96309.0,73221.0,,,https://web.khda.gov.ae/en/Education-Directory/Schools/School-Details?Id=5518&CenterID=500005,
Al Shurooq Private School,Ministry of Education,Good,jumeira first,7828.0,,,9064.0,10186.0,13017.0,,AED,Annual,7648.0,13017.0,9716.0,5000.0,5500.0,https://web.khda.gov.ae/en/Education-Directory/Schools/School-Details?Id=252&CenterID=3,
Al Basateen Private Nursery,Ministry of Education,Good,al khwaneej first,8009.0,,,,,,,AED,Annual,8009.0,8009.0,8009.0,3500.0,3500.0,https://web.khda.gov.ae/en/Education-Directory/Schools/School-Details?Id=341&CenterID=15,
North London Collegiate School Middle East L.L.C - FZ,International Baccalaureate,Very good,meydan city,104999.0,,,127103.0,132629.0,143681.0,143681.0,AED,Annual,89629.0,143681.0,115884.0,2160.0,9200.0,https://web.khda.gov.ae/en/Education-Directory/Schools/School-Details?Id=5496&CenterID=152520,
Al Rashid Al Saleh Private School,Ministry of Education,Good,oud metha,8989.0,,,9366.0,17043.0,19290.0,,AED,Annual,8783.0,19290.0,13957.0,3900.0,5100.0,https://web.khda.gov.ae/en/Education-Directory/Schools/School-Details?Id=250&CenterID=10,
Sheikh Rashid Bin Saeed Islamic Institute,Ministry of Education,Good,al rowaiyah first,,,,,,,,AED,Annual,0.0,0.0,0.0,,,https://web.khda.gov.ae/en/Education-Directory/Schools/School-Details?Id=249&CenterID=17,
Al Mawakeb School Al Garhoud L.L.C,American,Good,al garhoud,15726.0,,,17502.0,21246.0,23970.0,25493.0,AED,Annual,15365.0,25493.0,18545.0,8700.0,13500.0,https://web.khda.gov.ae/en/Education-Directory/Schools/School-Details?Id=198&CenterID=19,
Al Mawakeb School Al Barsha L.L.C,American,Good,al barsha second,15726.0,,,17502.0,21246.0,23970.0,25493.0,AED,Annual,15365.0,25493.0,18545.0,8700.0,13500.0,https://web.khda.gov.ae/en/Education-Directory/Schools/School-Details?Id=207&CenterID=20,
Al Ittihad Private School,American,Good,al mamzar,20117.0,,,22777.0,28246.0,36592.0,42434.0,AED,Annual,18207.0,42434.0,25581.0,5500.0,7000.0,https://web.khda.gov.ae/en/Education-Directory/Schools/School-Details?Id=297&CenterID=21,
Al Ittihad Private School (Br),American,Good,al safa first,23184.0,,,33610.0,35021.0,43272.0,43272.0,AED,Annual,21709.0,43272.0,32270.0,5500.0,7000.0,https://web.khda.gov.ae/en/Education-Directory/Schools/School-Details?Id=301&CenterID=22,
GEMS Al Khaleej International School - Dubai Branch,American,Good,al warqa fourth,36096.0,,,42487.0,44709.0,63457.0,63457.0,AED,Annual,33153.0,63457.0,44698.0,5960.0,9500.0,https://web.khda.gov.ae/en/Education-Directory/Schools/School-Details?Id=268&CenterID=29,
Dubai National School L.L.C,American,Good,al barsha first,24172.0,,,28650.0,33038.0,39665.0,39665.0,AED,Annual,23617.0,39665.0,29547.0,6500.0,8500.0,https://web.khda.gov.ae/en/Education-Directory/Schools/School-Details?Id=258&CenterID=28,
Dubai National School  AlTwar L.L.C,American,Good,al twar first,23690.0,,,28003.0,32316.0,38836.0,38836.0,AED,Annual,19416.0,38836.0,28531.0,,,https://web.khda.gov.ae/en/Education-Directory/Schools/School-Details?Id=298&CenterID=27,
Mirdif American School,American,Good,al mizhar first,27260.0,,,34695.0,45034.0,47081.0,,AED,Annual,25348.0,45034.0,32079.0,4500.0,9250.0,https://web.khda.gov.ae/en/Education-Directory/Schools/School-Details?Id=257&CenterID=24,
New Academy School,American,Good,al raffa,9245.0,,,10262.0,16835.0,24625.0,24625.0,AED,Annual,9026.0,24625.0,14290.0,6500.0,8500.0,https://web.khda.gov.ae/en/Education-Directory/Schools/School-Details?Id=259&CenterID=31,
American International School,American,Good,al qusais first,13405.0,,,15422.0,17919.0,20653.0,21732.0,AED,Annual,13097.0,21732.0,16359.0,6850.0,8400.0,https://web.khda.gov.ae/en/Education-Directory/Schools/School-Details?Id=315&CenterID=32,
Dubai International Private School - Br,American,Good,al qouz first,15974.0,,,16890.0,20809.0,23034.0,25080.0,AED,Annual,15607.0,25080.0,18269.0,6000.0,8700.0,https://web.khda.gov.ae/en/Education-Directory/Schools/School-Details?Id=232&CenterID=26,
The School of Research Science L.L.C,UK,Good,al warqa fourth,,37163.0,39597.0,50450.0,60168.0,63765.0,79790.0,AED,Annual,36310.0,79790.0,52437.0,7000.0,10000.0,https://web.khda.gov.ae/en/Education-Directory/Schools/School-Details?Id=317&CenterID=42,
American School Dubai,American,Good,al barsha second,69961.0,,,89319.0,89319.0,89319.0,89319.0,AED,Annual,59180.0,89319.0,83461.0,8000.0,10000.0,https://web.khda.gov.ae/en/Education-Directory/Schools/School-Details?Id=201&CenterID=34,
Himayah Kindergarten For Education- Karama,Ministry of Education,Good,al karama,,,,,,,,AED,Annual,0.0,0.0,0.0,2000.0,3000.0,https://web.khda.gov.ae/en/Education-Directory/Schools/School-Details?Id=247&CenterID=37,
ST. Mary Catholic High School - Dubai,UK,Good,umm hurair first,,,,9030.0,11042.0,12679.0,15812.0,AED,Annual,6944.0,15812.0,10227.0,4300.0,6850.0,https://web.khda.gov.ae/en/Education-Directory/Schools/School-Details?Id=275&CenterID=47,
Oxford School,UK,Good,muhaisanah fourth,,12695.0,12695.0,14420.0,14979.0,20128.0,20128.0,AED,Annual,12404.0,20128.0,15037.0,5500.0,9500.0,https://web.khda.gov.ae/en/Education-Directory/Schools/School-Details?Id=190&CenterID=46,
The City School International Private,UK,Good,nadd al hamar,,14781.0,15087.0,17833.0,17833.0,26746.0,,AED,Annual,14442.0,35694.0,21774.0,3500.0,9000.0,https://web.khda.gov.ae/en/Education-Directory/Schools/School-Details?Id=299&CenterID=49,
Cambridge International School,UK,Good,al twar first,,23795.0,23795.0,29204.0,32448.0,34612.0,36775.0,AED,Annual,23249.0,36775.0,30080.0,5330.0,6780.0,https://web.khda.gov.ae/en/Education-Directory/Schools/School-Details?Id=191&CenterID=48,
Dubai Gem Private School,UK,Good,oud metha,,13519.0,13519.0,17046.0,19654.0,20724.0,27756.0,AED,Annual,13209.0,27756.0,17616.0,600.0,10000.0,https://web.khda.gov.ae/en/Education-Directory/Schools/School-Details?Id=222&CenterID=65,
Pristine Private School,UK,Good,al nahda second,,25959.0,26499.0,29204.0,15058.0,19440.0,20372.0,AED,Annual,12018.0,29204.0,18708.0,6250.0,9000.0,https://web.khda.gov.ae/en/Education-Directory/Schools/School-Details?Id=212&CenterID=61,
Al Salam Private School,UK,Good,al nahda second,,14276.0,14651.0,17131.0,21664.0,31390.0,,AED,Annual,13948.0,28536.0,17743.0,4200.0,9200.0,https://web.khda.gov.ae/en/Education-Directory/Schools/School-Details?Id=277&CenterID=43,
Apple International School,UK,Good,al qusais first,,6993.0,7244.0,10409.0,14738.0,18387.0,27960.0,AED,Annual,6832.0,27960.0,12601.0,5500.0,9500.0,https://web.khda.gov.ae/en/Education-Directory/Schools/School-Details?Id=203&CenterID=52,
Al Diyafah High School L.L.C,UK,Good,al nahda second,,9506.0,9506.0,10018.0,13018.0,16966.0,20475.0,AED,Annual,9288.0,20475.0,12149.0,6500.0,8500.0,https://web.khda.gov.ae/en/Education-Directory/Schools/School-Details?Id=219&CenterID=59,
The Sheffield Private School L.L.C,UK,Good,al nahda second,,23631.0,23631.0,28059.0,33231.0,36921.0,44563.0,AED,Annual,23088.0,44563.0,31519.0,4700.0,7500.0,https://web.khda.gov.ae/en/Education-Directory/Schools/School-Details?Id=282&CenterID=73,
The Westminster School - DUBAI BRANCH,UK,Good,al qusais first,,9362.0,9362.0,11565.0,14686.0,18203.0,18203.0,AED,Annual,9147.0,18203.0,12986.0,4900.0,7650.0,https://web.khda.gov.ae/en/Education-Directory/Schools/School-Details?Id=199&CenterID=67,
M S B Private School,UK,Good,al nahda second,,11816.0,11816.0,12603.0,13396.0,13396.0,23990.0,AED,Annual,11545.0,27681.0,14360.0,3000.0,6000.0,https://web.khda.gov.ae/en/Education-Directory/Schools/School-Details?Id=193&CenterID=57,
Dubai Scholars Private School,UK,Good,al qusais first,,15833.0,16403.0,19087.0,20224.0,20224.0,29806.0,AED,Annual,15469.0,32568.0,20702.0,,,https://web.khda.gov.ae/en/Education-Directory/Schools/School-Details?Id=307&CenterID=66,
Gulf Indian High School,Indian,Good,al garhoud,4989.0,,,6351.0,7347.0,9434.0,9434.0,AED,Annual,4874.0,9434.0,6353.0,3700.0,6000.0,https://web.khda.gov.ae/en/Education-Directory/Schools/School-Details?Id=295&CenterID=74,
The Indian High School-Branch,Indian,Good,al garhoud,21000.0,,,5525.0,,,,AED,Annual,5276.0,21000.0,7665.0,4300.0,8500.0,https://web.khda.gov.ae/en/Education-Directory/Schools/School-Details?Id=325&CenterID=82,
GEMS Legacy School - Dubai Branch,Indian,Good,al garhoud,8532.0,,,15143.0,18902.0,21092.0,,AED,Annual,8336.0,18902.0,12431.0,4500.0,6000.0,https://web.khda.gov.ae/en/Education-Directory/Schools/School-Details?Id=228&CenterID=83,
Star International School,UK,Good,al qusais first,,22027.0,25915.0,33687.0,43586.0,56925.0,71409.0,AED,Annual,21521.0,71409.0,40092.0,6300.0,11000.0,https://web.khda.gov.ae/en/Education-Directory/Schools/School-Details?Id=336&CenterID=118,
Al Basateen Private Nursery - Hatta Branch,Ministry of Education,Good,hatta,5540.0,,,,,,,AED,Annual,5540.0,5540.0,5540.0,1500.0,1500.0,https://web.khda.gov.ae/en/Education-Directory/Schools/School-Details?Id=340&CenterID=117,
Japanese School,Japanese,Good,al wasl,38400.0,,,33000.0,33600.0,,,AED,Annual,32400.0,38400.0,34350.0,,,https://web.khda.gov.ae/en/Education-Directory/Schools/School-Details?Id=342&CenterID=104,
New Indian Model School,Indian,Good,al garhoud,4466.0,,,5536.0,5804.0,7769.0,7769.0,AED,Annual,4363.0,7769.0,5618.0,380.0,465.0,https://web.khda.gov.ae/en/Education-Directory/Schools/School-Details?Id=242&CenterID=86,
Our Own High School - Dubai Branch,Indian,Good,al warqa first,7828.0,,,10724.0,13276.0,15359.0,15359.0,AED,Annual,7648.0,16299.0,11899.0,4400.0,6000.0,https://web.khda.gov.ae/en/Education-Directory/Schools/School-Details?Id=236&CenterID=119,
American Academy for Girls,American,Good,al mizhar first,45618.0,,,63062.0,71113.0,71113.0,71113.0,AED,Annual,44571.0,71113.0,58536.0,4000.0,11000.0,https://web.khda.gov.ae/en/Education-Directory/Schools/School-Details?Id=196&CenterID=130,
Al Nibras International Private School,American,Good,dubai investment park first,25316.0,,,35224.0,42580.0,50321.0,50321.0,AED,Annual,24735.0,50321.0,36701.0,6000.0,10000.0,https://web.khda.gov.ae/en/Education-Directory/Schools/School-Details?Id=343&CenterID=126,
Philadelphia Private School,American,Good,muhaisnah first,20532.0,,,25667.0,35160.0,42987.0,42987.0,AED,Annual,20061.0,42987.0,29267.0,5400.0,11000.0,https://web.khda.gov.ae/en/Education-Directory/Schools/School-Details?Id=261&CenterID=135,
Sharjah American International Private School - Dubai Branch,American,Good,al warqa first,20544.0,,,28246.0,32099.0,41086.0,44938.0,AED,Annual,17563.0,44938.0,28466.0,3705.0,9688.0,https://web.khda.gov.ae/en/Education-Directory/Schools/School-Details?Id=215&CenterID=136,
Greenwood International School,American,Good,muhaisnah first,20124.0,,,25492.0,28178.0,30860.0,30860.0,AED,Annual,19662.0,30860.0,25579.0,6263.0,11255.0,https://web.khda.gov.ae/en/Education-Directory/Schools/School-Details?Id=321&CenterID=139,
Russian International School,Russian,Good,muhaisanah fourth,16092.0,,,23337.0,24197.0,25180.0,,AED,Annual,15361.0,25180.0,21764.0,10230.0,17830.0,https://web.khda.gov.ae/en/Education-Directory/Schools/School-Details?Id=4400&CenterID=143,
Primus Private School L.L.C,Indian,Good,al warqa first,12265.0,,,18114.0,24587.0,24587.0,,AED,Annual,11983.0,24587.0,18749.0,3500.0,8000.0,https://web.khda.gov.ae/en/Education-Directory/Schools/School-Details?Id=361&CenterID=144,
Dar Al Marefa Private School,International Baccalaureate,Good,al khwaneej first,65968.0,,,81940.0,81940.0,101121.0,101121.0,AED,Annual,64453.0,101121.0,79455.0,8500.0,10500.0,https://web.khda.gov.ae/en/Education-Directory/Schools/School-Details?Id=4279&CenterID=266,
GEMS Winchester School,UK,Good,dubai land,,20370.0,20370.0,26492.0,32615.0,35842.0,38403.0,AED,Annual,19902.0,38403.0,28323.0,5360.0,7620.0,https://web.khda.gov.ae/en/Education-Directory/Schools/School-Details?Id=4405&CenterID=688,
Collegiate International School,American,Good,umm suqeim third,43373.0,,,59597.0,65979.0,70630.0,70630.0,AED,Annual,38572.0,70630.0,56466.0,9000.0,10000.0,https://web.khda.gov.ae/en/Education-Directory/Schools/School-Details?Id=4404&CenterID=643,
The Indian International School (Dso Branch),Indian,Good,dubai silicon oasis,21000.0,,,11292.0,13796.0,17865.0,19900.0,AED,Annual,9679.0,21000.0,12570.0,4300.0,10000.0,https://web.khda.gov.ae/en/Education-Directory/Schools/School-Details?Id=4414&CenterID=655,
Springdales School L.L.C,Indian,Good,al qouz fourth,20312.0,,,28210.0,30144.0,46350.0,32960.0,AED,Annual,19378.0,46350.0,29603.0,,,https://web.khda.gov.ae/en/Education-Directory/Schools/School-Details?Id=4425&CenterID=1247,
Star International School (Branch),UK,Good,mirdif,,34179.0,35014.0,52706.0,59489.0,68142.0,73508.0,AED,Annual,33394.0,73508.0,52425.0,6500.0,11000.0,https://web.khda.gov.ae/en/Education-Directory/Schools/School-Details?Id=4282&CenterID=346,
The Indian Academy,Indian,Good,muhaisanah fourth,14410.0,,,20414.0,22080.0,23795.0,23795.0,AED,Annual,11732.0,23795.0,17838.0,5500.0,9500.0,https://web.khda.gov.ae/en/Education-Directory/Schools/School-Details?Id=4413&CenterID=811,
Next Generation School L.L.C,American,Good,al barsha first,31607.0,,,41589.0,44915.0,47133.0,49376.0,AED,Annual,28714.0,47133.0,39424.0,3400.0,8200.0,https://web.khda.gov.ae/en/Education-Directory/Schools/School-Details?Id=5474&CenterID=1833,
International School of Creative Science Nad Alshiba L.L.C,UK,Good,nadd al shiba third,,34287.0,34287.0,45034.0,53734.0,59875.0,65504.0,AED,Annual,33500.0,65504.0,48159.0,5200.0,8300.0,https://web.khda.gov.ae/en/Education-Directory/Schools/School-Details?Id=5483&CenterID=1851,
Smart Vision School,UK,Good,al barsha second,,33282.0,39961.0,59997.0,70016.0,77806.0,77806.0,AED,Annual,30892.0,77806.0,56936.0,7000.0,9500.0,https://web.khda.gov.ae/en/Education-Directory/Schools/School-Details?Id=5479&CenterID=1838,
Dove Green Private School L.L.C,UK,Good,dubai investment park first,,42000.0,42000.0,48000.0,55000.0,60000.0,,AED,Annual,42000.0,60000.0,48750.0,7500.0,9000.0,https://web.khda.gov.ae/en/Education-Directory/Schools/School-Details?Id=4444&CenterID=2248,
Sabari Indian School L.L.C,Indian,Good,deira,16100.0,,,18587.0,18587.0,18151.0,21146.0,AED,Annual,15730.0,19591.0,17381.0,,,https://web.khda.gov.ae/en/Education-Directory/Schools/School-Details?Id=4424&CenterID=1235,
GEMS International School Al Khail L.L.C,International Baccalaureate,Good,al khail,54301.0,,,70827.0,75550.0,79488.0,,AED,Annual,51212.0,79488.0,65275.0,5720.0,9480.0,https://web.khda.gov.ae/en/Education-Directory/Schools/School-Details?Id=4433&CenterID=1477,
Capital School L.L.C,UK,Good,al qusais first,,40000.0,40000.0,55900.0,61200.0,61200.0,,AED,Annual,40000.0,66600.0,54029.0,5000.0,8000.0,https://web.khda.gov.ae/en/Education-Directory/Schools/School-Details?Id=4445&CenterID=2149,
ST MARY HIGH SCHOOL MUHAISNAH L.L.C,UK,Good,muhaisanah fourth,,12498.0,12498.0,15906.0,17043.0,19479.0,,AED,Annual,12211.0,24177.0,16815.0,5900.0,7300.0,https://web.khda.gov.ae/en/Education-Directory/Schools/School-Details?Id=5468&CenterID=14739,
DEWA Academy,Ministry of Education \ BTEC,Good,al hudaiba,,,,,,,,AED,Annual,0.0,0.0,0.0,,,https://web.khda.gov.ae/en/Education-Directory/Schools/School-Details?Id=5490&CenterID=15002,
GEMS Metropole School - Dubai Branch,UK,Good,motor city,,38393.0,41884.0,45374.0,51190.0,51190.0,51190.0,AED,Annual,37511.0,51190.0,46846.0,9356.0,9797.0,https://web.khda.gov.ae/en/Education-Directory/Schools/School-Details?Id=4442&CenterID=2256,
The Arbor School L.L.C,UK,Good,al furjan,,58806.0,58806.0,79808.0,94510.0,94510.0,97232.0,AED,Annual,57456.0,97232.0,79233.0,4200.0,12000.0,https://web.khda.gov.ae/en/Education-Directory/Schools/School-Details?Id=5493&CenterID=151915,
GEMS Founders School Mizhar,UK,Good,al mizhar first,,24877.0,28122.0,30285.0,32448.0,35694.0,37856.0,AED,Annual,24306.0,37856.0,31577.0,6300.0,10000.0,https://web.khda.gov.ae/en/Education-Directory/Schools/School-Details?Id=5511&CenterID=151816,
Clarion School L.L.C,American,Good,al qouz first,63120.0,,,94680.0,94680.0,,,AED,Annual,42080.0,94680.0,74788.0,7500.0,12000.0,https://web.khda.gov.ae/en/Education-Directory/Schools/School-Details?Id=5484&CenterID=15083,
American School of Creative Science L.L.C,American,Good,nadd al shiba second,35822.0,,,59875.0,59875.0,66528.0,72669.0,AED,Annual,35000.0,66528.0,49901.0,5200.0,8300.0,https://web.khda.gov.ae/en/Education-Directory/Schools/School-Details?Id=5482&CenterID=15159,
Al Mawakeb School Al Khawaneej L.L.C,American,Good,al mizhar first,39209.0,,,55758.0,63113.0,67655.0,69602.0,AED,Annual,35350.0,69602.0,51511.0,8700.0,13500.0,https://web.khda.gov.ae/en/Education-Directory/Schools/School-Details?Id=5516&CenterID=151988,
Dwight School L.L.C,International Baccalaureate,Good,dubai sports city,84597.0,,,98511.0,102963.0,110755.0,110755.0,AED,Annual,63622.0,110755.0,90631.0,8500.0,10000.0,https://web.khda.gov.ae/en/Education-Directory/Schools/School-Details?Id=5513&CenterID=152031,
Newlands School,UK,Good,al warqa first,,21372.0,21372.0,29387.0,35397.0,,40072.0,AED,Annual,20881.0,40072.0,29300.0,6810.0,7430.0,https://web.khda.gov.ae/en/Education-Directory/Schools/School-Details?Id=5500&CenterID=152441,
Dunecrest American School L.L.C,American,Good,al barari,67060.0,,,89774.0,96263.0,96263.0,,AED,Annual,48612.0,96263.0,82542.0,4200.0,10000.0,https://web.khda.gov.ae/en/Education-Directory/Schools/School-Details?Id=5504&CenterID=152311,
Pearl Wisdom School L.L.C,Indian,Good,hor al anz,16081.0,,,19408.0,21072.0,23290.0,23290.0,AED,Annual,15712.0,21072.0,17939.0,3900.0,6500.0,https://web.khda.gov.ae/en/Education-Directory/Schools/School-Details?Id=5537&CenterID=152213,
Fairgreen International School L.L.C,International Baccalaureate,Good,dubai land,65000.0,,,84303.0,84303.0,92302.0,92302.0,AED,Annual,52800.0,92302.0,77690.0,7000.0,9000.0,https://web.khda.gov.ae/en/Education-Directory/Schools/School-Details?Id=5505&CenterID=152361,
Amity School L.L.C,Indian,Good,al qusais first,17810.0,,,28942.0,32280.0,33394.0,33394.0,AED,Annual,16313.0,33394.0,26115.0,4780.0,6720.0,https://web.khda.gov.ae/en/Education-Directory/Schools/School-Details?Id=5489&CenterID=152457,
South View School L.L.C,UK,Good,dubai land,,46510.0,47050.0,47591.0,61111.0,66519.0,,AED,Annual,45442.0,66519.0,54600.0,5000.0,18000.0,https://web.khda.gov.ae/en/Education-Directory/Schools/School-Details?Id=5506&CenterID=152519,
The Aquila School,IB,Good,dubai land,,48673.0,51917.0,59489.0,71386.0,71386.0,77876.0,AED,Annual,47555.0,77876.0,60868.0,5980.0,8337.0,https://web.khda.gov.ae/en/Education-Directory/Schools/School-Details?Id=5509&CenterID=152599,
Al Salam Community School L.L.C,UK,Good,al twar second,,,,31367.0,36775.0,38938.0,41102.0,AED,Annual,23249.0,41102.0,32290.0,1236.0,9200.0,https://web.khda.gov.ae/en/Education-Directory/Schools/School-Details?Id=5524&CenterID=152894,
Ambassador International Academy L.L.C,International Baccalaureate,Good,al qouz second,56083.0,,,74956.0,82527.0,93297.0,93297.0,AED,Annual,46170.0,93297.0,67891.0,6720.0,13200.0,https://web.khda.gov.ae/en/Education-Directory/Schools/School-Details?Id=5526&CenterID=500721,
Bright Riders School,Indian,Good,dubai investment park first,19000.0,,,26500.0,28000.0,30000.0,,AED,Annual,19000.0,30000.0,25206.0,2750.0,6500.0,https://web.khda.gov.ae/en/Education-Directory/Schools/School-Details?Id=5508&CenterID=152711,
Global Indian International School L.L.C,Indian,Good,al qouz first,25449.0,,,33085.0,38174.0,41993.0,40769.0,AED,Annual,22378.0,41993.0,31702.0,4500.0,9000.0,https://web.khda.gov.ae/en/Education-Directory/Schools/School-Details?Id=5495&CenterID=152540,
Australian International School - Dubai L.L.C,Australian,Good,al barsha second,52000.0,,,71000.0,85000.0,85000.0,,AED,Annual,52000.0,85000.0,63133.0,,,https://web.khda.gov.ae/en/Education-Directory/Schools/School-Details?Id=5549&CenterID=501095,
Chinese School Dubai,Chinese,Good,mirdif,,,,30994.0,33207.0,,,AED,Annual,27038.0,32654.0,29954.0,6000.0,9000.0,https://web.khda.gov.ae/en/Education-Directory/Schools/School-Details?Id=5541&CenterID=501256,
Al Eman Educational EST,Ministry of Education,Acceptable,al rashidiya,6301.0,,,7637.0,9387.0,,,AED,Annual,6156.0,9387.0,7473.0,4500.0,6000.0,https://web.khda.gov.ae/en/Education-Directory/Schools/School-Details?Id=234&CenterID=5,
Islamic School for Training & Education,Ministry of Education,Acceptable,muhaisnah first,9194.0,,,13520.0,13520.0,13520.0,13520.0,AED,Annual,8983.0,13520.0,12850.0,5500.0,8000.0,https://web.khda.gov.ae/en/Education-Directory/Schools/School-Details?Id=248&CenterID=16,
Dubai Carmel School,UK,Acceptable,al qusais first,,,9121.0,9809.0,11957.0,13333.0,15479.0,AED,Annual,8912.0,15479.0,10925.0,3900.0,9700.0,https://web.khda.gov.ae/en/Education-Directory/Schools/School-Details?Id=326&CenterID=39,
Al Maaref American School L.L.C,American,Acceptable,al qusais first,12906.0,,,17326.0,22127.0,30183.0,37134.0,AED,Annual,12610.0,37134.0,21487.0,6500.0,8500.0,https://web.khda.gov.ae/en/Education-Directory/Schools/School-Details?Id=267&CenterID=23,
United International Private School L.L.C,Philippine,Acceptable,muhaisnah first,5457.0,,,7176.0,9935.0,10426.0,,AED,Annual,5457.0,11990.0,7874.0,6000.0,15000.0,https://web.khda.gov.ae/en/Education-Directory/Schools/School-Details?Id=322&CenterID=35,
Dubai International Private School,American,Acceptable,al garhoud,15051.0,,,15911.0,19602.0,21701.0,23629.0,AED,Annual,14705.0,23629.0,17212.0,6500.0,10000.0,https://web.khda.gov.ae/en/Education-Directory/Schools/School-Details?Id=216&CenterID=25,
English Language Private School,UK,Acceptable,umm hurair first,,,4528.0,7284.0,8641.0,8641.0,11888.0,AED,Annual,4424.0,11888.0,7465.0,4200.0,5100.0,https://web.khda.gov.ae/en/Education-Directory/Schools/School-Details?Id=223&CenterID=53,
Al Arqm Private School,Ministry of Education,Acceptable,al barsha first,9049.0,,,10947.0,12803.0,17430.0,,AED,Annual,8404.0,18346.0,12439.0,5700.0,7500.0,https://web.khda.gov.ae/en/Education-Directory/Schools/School-Details?Id=185&CenterID=12,
Dubai Modern Education School,American,Acceptable,al mizhar first,11956.0,,,14470.0,16486.0,18499.0,18624.0,AED,Annual,11681.0,18624.0,14079.0,6800.0,7500.0,https://web.khda.gov.ae/en/Education-Directory/Schools/School-Details?Id=313&CenterID=18,
Arab Unity School L.L.C,UK,Acceptable,al mizhar first,,6462.0,6462.0,7110.0,8402.0,8402.0,10808.0,AED,Annual,6314.0,10808.0,7698.0,,,https://web.khda.gov.ae/en/Education-Directory/Schools/School-Details?Id=214&CenterID=44,
Al Sadiq Islamic English School,UK,Acceptable,al qusais first,,,4687.0,5384.0,6764.0,9499.0,,AED,Annual,4579.0,9499.0,5995.0,3250.0,7350.0,https://web.khda.gov.ae/en/Education-Directory/Schools/School-Details?Id=283&CenterID=68,
Grammar School,UK,Acceptable,al garhoud,,5120.0,5120.0,5760.0,7040.0,7040.0,7040.0,AED,Annual,5002.0,7040.0,5862.0,3950.0,6950.0,https://web.khda.gov.ae/en/Education-Directory/Schools/School-Details?Id=279&CenterID=60,
Queen International School,UK,Acceptable,deira,,17175.0,15554.0,17494.0,19445.0,23337.0,29170.0,AED,Annual,15197.0,29170.0,19220.0,3800.0,8000.0,https://web.khda.gov.ae/en/Education-Directory/Schools/School-Details?Id=188&CenterID=40,
ELITE ENGLISH SCHOOL L.L.C,Indian,Acceptable,deira,4845.0,,,5538.0,6168.0,10318.0,10697.0,AED,Annual,4734.0,10697.0,6219.0,5500.0,6500.0,https://web.khda.gov.ae/en/Education-Directory/Schools/School-Details?Id=244&CenterID=76,
Crescent English School,Indian,Acceptable,al qusais first,2859.0,,,3276.0,3722.0,7688.0,10374.0,AED,Annual,2793.0,10374.0,4051.0,4100.0,8000.0,https://web.khda.gov.ae/en/Education-Directory/Schools/School-Details?Id=323&CenterID=80,
The Central School,Indian,Acceptable,al nahda second,4177.0,,,5260.0,5932.0,7352.0,7352.0,AED,Annual,4081.0,7352.0,5296.0,2250.0,5000.0,https://web.khda.gov.ae/en/Education-Directory/Schools/School-Details?Id=246&CenterID=84,
The International School of Choueifat,SABIS (UK/US),Acceptable,al safouh first,24000.0,,,29446.0,35109.0,,,AED,Annual,21393.0,41906.0,32192.0,8400.0,8400.0,https://web.khda.gov.ae/en/Education-Directory/Schools/School-Details?Id=220&CenterID=85,
Buds Public School,Indian,Acceptable,muhaisnah first,8552.0,,,12830.0,14051.0,15271.0,15271.0,AED,Annual,8356.0,15271.0,12509.0,1000.0,12000.0,https://web.khda.gov.ae/en/Education-Directory/Schools/School-Details?Id=241&CenterID=87,
Pakistan Education Academy,Pakistani,Acceptable,umm hurair first,6662.0,,,6803.0,7588.0,9138.0,9138.0,AED,Annual,6369.0,9138.0,7045.0,3780.0,5000.0,https://web.khda.gov.ae/en/Education-Directory/Schools/School-Details?Id=292&CenterID=100,
Gulf Model School,Indian,Acceptable,muhaisnah first,3966.0,,,5047.0,5768.0,7212.0,7212.0,AED,Annual,3875.0,7212.0,5169.0,4000.0,8000.0,https://web.khda.gov.ae/en/Education-Directory/Schools/School-Details?Id=344&CenterID=94,
Little Flower English School,Indian,Acceptable,hor al anz,3837.0,,,4135.0,,,,AED,Annual,3749.0,4135.0,3867.0,2500.0,5000.0,https://web.khda.gov.ae/en/Education-Directory/Schools/School-Details?Id=328&CenterID=93,
H.H.Shaikh Rashid Al Maktoum Pakistani School,Pakistani,Acceptable,al qusais first,4800.0,,,5450.0,5450.0,9000.0,9000.0,AED,Annual,4400.0,9000.0,5398.0,4500.0,5250.0,https://web.khda.gov.ae/en/Education-Directory/Schools/School-Details?Id=293&CenterID=101,
SCHOOL OF MODERN SKILLS,American,Acceptable,muhaisnah first,18247.0,,,22652.0,24915.0,29572.0,29572.0,AED,Annual,17089.0,29572.0,22426.0,,,https://web.khda.gov.ae/en/Education-Directory/Schools/School-Details?Id=211&CenterID=140,
North American International School L.L.C,American,Acceptable,al mizhar first,30664.0,,,33115.0,42929.0,49061.0,49061.0,AED,Annual,29960.0,49061.0,36546.0,3500.0,7300.0,https://web.khda.gov.ae/en/Education-Directory/Schools/School-Details?Id=353&CenterID=127,
Deira Private School,UK,Acceptable,al twar first,,22867.0,22867.0,35739.0,41147.0,,,AED,Annual,22342.0,41147.0,30610.0,6000.0,9500.0,https://web.khda.gov.ae/en/Education-Directory/Schools/School-Details?Id=4297&CenterID=339,
The Philippine School,Philippine,Acceptable,muhaisanah second,6443.0,,,8308.0,11076.0,14169.0,16294.0,AED,Annual,6295.0,16294.0,9386.0,3700.0,6500.0,https://web.khda.gov.ae/en/Education-Directory/Schools/School-Details?Id=4296&CenterID=265,
International Academic School,American,Acceptable,al warqa first,14992.0,,,17120.0,21865.0,26551.0,28112.0,AED,Annual,14648.0,28112.0,19231.0,4250.0,8600.0,https://web.khda.gov.ae/en/Education-Directory/Schools/School-Details?Id=306&CenterID=141,
The International School of Choueifat (Branch),SABIS (UK/US),Acceptable,dubai investment park first,28100.0,,,35304.0,41791.0,48995.0,50077.0,AED,Annual,25694.0,50077.0,39675.0,6600.0,8100.0,https://web.khda.gov.ae/en/Education-Directory/Schools/School-Details?Id=4419&CenterID=872,
Oak Tree Primary School,UK,Acceptable,al qouz fourth,,16225.0,17305.0,27041.0,,,,AED,Annual,15852.0,27041.0,21184.0,5750.0,8250.0,https://web.khda.gov.ae/en/Education-Directory/Schools/School-Details?Id=5477&CenterID=151864,
GEMS Albarsha National School - Dubai Branch,UK,Acceptable,al barsha south second,,45428.0,56244.0,56244.0,61652.0,67060.0,67060.0,AED,Annual,44385.0,67060.0,58806.0,7350.0,9250.0,https://web.khda.gov.ae/en/Education-Directory/Schools/School-Details?Id=5501&CenterID=152733,
Woodlem Park School L.L.C,Indian,Acceptable,al qusais first,14216.0,,,20778.0,23102.0,24598.0,,AED,Annual,12312.0,24153.0,18272.0,4100.0,6000.0,https://web.khda.gov.ae/en/Education-Directory/Schools/School-Details?Id=4447&CenterID=1687,
Vernus International Primary School - FZCO,American,Acceptable,dubai silicon oasis,35704.0,,,42419.0,,,,AED,Annual,34884.0,42419.0,38145.0,4000.0,11000.0,https://web.khda.gov.ae/en/Education-Directory/Schools/School-Details?Id=5539&CenterID=151831,
Ignite School L.L.C,American,Acceptable,al warqa third,29682.0,,,38893.0,41964.0,44010.0,45034.0,AED,Annual,28000.0,41964.0,35327.0,6000.0,7500.0,https://web.khda.gov.ae/en/Education-Directory/Schools/School-Details?Id=5507&CenterID=152884,
Himayah School For Education Girls - Al Karama,Ministry of Education,Acceptable,al karama,,,,,,,,AED,Annual,0.0,0.0,0.0,,,https://web.khda.gov.ae/en/Education-Directory/Schools/School-Details?Id=5523&CenterID=500572,
Renaissance School L.L.C,American,Acceptable,dubai sports city,36050.0,,,56650.0,56650.0,,,AED,Annual,36050.0,56650.0,45217.0,4000.0,9000.0,https://web.khda.gov.ae/en/Education-Directory/Schools/School-Details?Id=5520&CenterID=500447,
Himayah School For Education Boys - Diera (Abu Hail),Ministry of Education,Acceptable,abu hail,,,,,,,,AED,Annual,0.0,0.0,0.0,,,https://web.khda.gov.ae/en/Education-Directory/Schools/School-Details?Id=5522&CenterID=500573,
The Apple International Community School,UK,Acceptable,al karama,,19427.0,19427.0,22052.0,24678.0,24678.0,,AED,Annual,18981.0,23102.0,21072.0,5500.0,9500.0,https://web.khda.gov.ae/en/Education-Directory/Schools/School-Details?Id=5556&CenterID=501709,
The School of Research Science US High School L.L.C,American,Acceptable,al warqa fourth,,,,,60168.0,63765.0,70039.0,AED,Annual,58787.0,70039.0,62806.0,7000.0,10000.0,https://web.khda.gov.ae/en/Education-Directory/Schools/School-Details?Id=5536&CenterID=501460,
Cedar School L.L.C,UK,Acceptable,al warqa first,,25244.0,26275.0,35033.0,39669.0,41215.0,,AED,Annual,25244.0,39669.0,32504.0,5500.0,9000.0,https://web.khda.gov.ae/en/Education-Directory/Schools/School-Details?Id=5538&CenterID=501052,
Dubai Schools Corporation Al Khawaneej L.L.C,American,Acceptable,al khwaneej second,33161.0,,,42271.0,49742.0,,,AED,Annual,29900.0,40280.0,35088.0,,,https://web.khda.gov.ae/en/Education-Directory/Schools/School-Details?Id=5547&CenterID=502020,
International School of Arts & Sciences L.L.C,American,Good,al warqa first,23540.0,,,28250.0,31782.0,31782.0,32958.0,AED,Annual,1.0,32958.0,26838.0,,,https://web.khda.gov.ae/en/Education-Directory/Schools/School-Details?Id=351&CenterID=340,
Pace Modern British School L.L.C,UK,Acceptable,al rashidiya,,20267.0,20267.0,24783.0,27430.0,,,AED,Annual,19802.0,27430.0,23377.0,4500.0,7000.0,https://web.khda.gov.ae/en/Education-Directory/Schools/School-Details?Id=5554&CenterID=502182,
Bright Learners Private School L.L.C,American,Acceptable,al rashidiya,27851.0,,,32719.0,32719.0,,,AED,Annual,24041.0,32719.0,29028.0,7000.0,8200.0,https://web.khda.gov.ae/en/Education-Directory/Schools/School-Details?Id=5540&CenterID=500607,
Al Ghaf Private School L.L.C,UK,Acceptable,jabal ali first,,35000.0,35000.0,49500.0,51000.0,,,AED,Annual,35000.0,51000.0,45150.0,8000.0,8000.0,https://web.khda.gov.ae/en/Education-Directory/Schools/School-Details?Id=5527&CenterID=500819,
Dubai Schools Corporation L.L.C Albarsha,American,Acceptable,al barsha south second,33161.0,,,42271.0,49742.0,,,AED,Annual,29900.0,42271.0,35925.0,,,https://web.khda.gov.ae/en/Education-Directory/Schools/School-Details?Id=5548&CenterID=502089,
Emirates National Schools - Dubai Branch,American,Acceptable,al khwaneej second,31000.0,,,45000.0,45000.0,,,AED,Annual,25000.0,45000.0,36200.0,6000.0,6000.0,https://web.khda.gov.ae/en/Education-Directory/Schools/School-Details?Id=5551&CenterID=502174,
national charity school primary,Ministry of Education,Acceptable,abu hail,,,,5377.0,,,,AED,Annual,4614.0,5377.0,4830.0,3300.0,3800.0,https://web.khda.gov.ae/en/Education-Directory/Schools/School-Details?Id=5553&CenterID=502201,
Arcadia Global School,UK,,al furjan,,40000.0,40000.0,45000.0,61000.0,,,AED,Annual,40000.0,61000.0,47200.0,5750.0,10400.0,https://web.khda.gov.ae/en/Education-Directory/Schools/School-Details?Id=5567&CenterID=503416,
Icademy Middle East Fz.Llc,American,,dubai knowledge park,19828.0,,,19828.0,27767.0,27767.0,27767.0,AED,Annual,19373.0,27767.0,22015.0,,,https://web.khda.gov.ae/en/Education-Directory/Schools/School-Details?Id=4398&CenterID=338,
The National Charity School for Boys L.L.C,Ministry of Education,Acceptable,al garhoud,,,,5377.0,6033.0,8656.0,8656.0,AED,Annual,5254.0,8656.0,7152.0,3300.0,3800.0,https://web.khda.gov.ae/en/Education-Directory/Schools/School-Details?Id=5558&CenterID=502213,
Glendale International School LLC,UK,,oud metha,,42000.0,42000.0,55200.0,57600.0,,,AED,Annual,42000.0,55200.0,48933.0,5700.0,8000.0,https://web.khda.gov.ae/en/Education-Directory/Schools/School-Details?Id=5581&CenterID=503932,
Lycée français international (Branch),French,,mudon,75000.0,,,80000.0,,,,AED,Annual,0.0,0.0,0.0,,,https://web.khda.gov.ae/en/Education-Directory/Schools/School-Details?Id=5592&CenterID=504953,
GEMS Metropole School - Al Waha,UK,,emirates road,,40000.0,40000.0,45000.0,50000.0,53000.0,,AED,Annual,40000.0,50000.0,45455.0,6150.0,9500.0,https://web.khda.gov.ae/en/Education-Directory/Schools/School-Details?Id=5578&CenterID=503690,
Dewvale School L.L.C,Indian,,al qouz third,13538.0,,,19787.0,21869.0,,,AED,Annual,12000.0,19787.0,15682.0,4000.0,6000.0,https://web.khda.gov.ae/en/Education-Directory/Schools/School-Details?Id=5576&CenterID=503607,
Ambassador International Academy L.L.C (Branch),International Baccalaureate,,mankhool,65000.0,,,85000.0,95000.0,95000.0,95000.0,AED,Annual,0.0,0.0,0.0,5000.0,12000.0,https://web.khda.gov.ae/en/Education-Directory/Schools/School-Details?Id=5616&CenterID=502551,
Dhruv Global school,Indian,,al barsha south,18000.0,,,24000.0,26400.0,,,AED,Annual,18000.0,24000.0,20400.0,5000.0,7000.0,https://web.khda.gov.ae/en/Education-Directory/Schools/School-Details?Id=5579&CenterID=503799,
Dubai British School Jumeira,UK,,jumeira second,,51477.0,51477.0,58836.0,69872.0,,,AED,Annual,43500.0,69872.0,55462.0,,,https://web.khda.gov.ae/en/Education-Directory/Schools/School-Details?Id=5584&CenterID=504739,
Pace Springfield International School,UK,,al awir first,,25000.0,25000.0,30800.0,35000.0,,,AED,Annual,0.0,0.0,0.0,5500.0,8000.0,https://web.khda.gov.ae/en/Education-Directory/Schools/School-Details?Id=5593&CenterID=505020,
New Dawn Private School,UK,,muhaisanah fourth,,21500.0,21500.0,24000.0,25000.0,,,AED,Annual,0.0,0.0,0.0,4500.0,6500.0,https://web.khda.gov.ae/en/Education-Directory/Schools/School-Details?Id=5590&CenterID=504994,
LYCEE FRANCAIS JEAN MERMOZ SOUTH L.L.C,French,,al barsha south,49000.0,,,60000.0,66000.0,72000.0,74000.0,AED,Annual,0.0,0.0,0.0,9000.0,12000.0,https://web.khda.gov.ae/en/Education-Directory/Schools/School-Details?Id=5585&CenterID=504283,
Dubai British School Mira,UK,,arabian ranches,,51477.0,51477.0,58836.0,69872.0,,,AED,Annual,0.0,0.0,0.0,5000.0,10000.0,https://web.khda.gov.ae/en/Education-Directory/Schools/School-Details?Id=5601&CenterID=505058,
GEMS School of Research and Innovation,UK,,dubai sports city,,116000.0,116000.0,152000.0,161000.0,,,AED,Annual,0.0,0.0,0.0,9000.0,14000.0,https://web.khda.gov.ae/en/Education-Directory/Schools/School-Details?Id=5591&CenterID=505008,
GEMS Founders School DS DWC-LLC,UK,,dubai south hq,,36400.0,39900.0,44800.0,47600.0,,,AED,Annual,0.0,0.0,0.0,6600.0,9000.0,https://web.khda.gov.ae/en/Education-Directory/Schools/School-Details?Id=5589&CenterID=505334,
BC Academy International School L.L.C,UK,,umm suqeim second,,,,60000.0,60000.0,,,AED,Annual,0.0,0.0,0.0,7000.0,12000.0,https://web.khda.gov.ae/en/Education-Directory/Schools/School-Details?Id=5596&CenterID=505085,
Amity English School,UK,,al qusais first,,24000.0,24000.0,28000.0,31000.0,,,AED,Annual,0.0,0.0,0.0,4780.0,6720.0,https://web.khda.gov.ae/en/Education-Directory/Schools/School-Details?Id=5599&CenterID=505385,
Dubai International Academy Town Square,International Baccalaureate,,dubai land,75000.0,,,95000.0,110000.0,120000.0,120000.0,AED,Annual,0.0,0.0,0.0,,,https://web.khda.gov.ae/en/Education-Directory/Schools/School-Details?Id=5614&CenterID=506085,
Horizon English School Town Square,UK,,dubai land,,,,,68000.0,,,AED,Annual,0.0,0.0,0.0,,,https://web.khda.gov.ae/en/Education-Directory/Schools/School-Details?Id=5606&CenterID=506140,
Al Fanar School,UK,,nadd al shiba fourth,,67086.0,67086.0,78334.0,,,,AED,Annual,0.0,0.0,0.0,,,https://web.khda.gov.ae/en/Education-Directory/Schools/School-Details?Id=5604&CenterID=505784,
Victory Heights Primary School City of Arabia LLC,UK,,wadi al safa 2,,40000.0,44000.0,57000.0,,,,AED,Annual,0.0,0.0,0.0,,,https://web.khda.gov.ae/en/Education-Directory/Schools/School-Details?Id=5602&CenterID=506257,
The Scholars School,UK,,al qouz first,,,,,85000.0,89000.0,95000.0,AED,Annual,0.0,0.0,0.0,,,https://web.khda.gov.ae/en/Education-Directory/Schools/School-Details?Id=5620&CenterID=506837,
Dubai English Speaking School - Academic City,UK,,academic city,,65000.0,75000.0,75000.0,,,,AED,Annual,0.0,0.0,0.0,,,https://web.khda.gov.ae/en/Education-Directory/Schools/School-Details?Id=5607&CenterID=506702,
Hampton Heights International School,UK,,al twar third,,19500.0,19500.0,26000.0,26000.0,,,AED,Annual,0.0,0.0,0.0,450.0,700.0,https://web.khda.gov.ae/en/Education-Directory/Schools/School-Details?Id=5594&CenterID=505137,
Rugby School L.L.C-FZ,UK,,meydan city,,,,,,,,AED,Annual,0.0,0.0,0.0,,,https://web.khda.gov.ae/en/Education-Directory/Schools/School-Details?Id=5608&CenterID=506012,
