school_name,curriculum,spea_rating,area,tuition_nursery_ecc,tuition_fs1,tuition_fs2,tuition_primary,tuition_secondary_y7_9,tuition_gcse_y10_11,tuition_sixth_form_y12_13,fee_currency,fee_period,spea_lowest_fee,spea_highest_fee,transport_fee_min_aed,transport_fee_max_aed,transport_notes,source_url,pdf_url,notes
Al Ahliah Charity Pvt. School For Boys â€“ BR4,Moe,Acceptable,Sharjah - Samnan,,,,,,,,,Annual,,,,,,https://spea.shj.ae/en/educational-institutions/schools/435,https://spea.shj.ae/media/ur0gbza5/speaschoolfees_435.pdf,No fee data extracted
Al Amaal English High School (PVT),Pakistani,Acceptable,Sharjah - Al Butainah,4557.0,,,5367.0,5367.0,7797.0,7797.0,AED,Annual,4557.0,7797.0,,,,https://spea.shj.ae/en/educational-institutions/schools/200,https://spea.shj.ae/media/icanu5hq/speaschoolfees_200.pdf,
AL Ahliah Charity Pvt. School,Moe,Good,Sharjah - Al Naseriyah,,,,5335.0,,,,AED,Annual,5335.0,5335.0,,,,https://spea.shj.ae/en/educational-institutions/schools/100,https://spea.shj.ae/media/zvtiux4y/feestructure_2025-2026_al_ahliah_charity_pvt_school_llc_sp_al_nasiriyah.pdf,
AL AHLIAH CHARITY PVT. SCHOOL - FALAJ BRANCH,Moe,Good,Sharjah - Al Falaj,,,,5269.0,5971.0,,,AED,Annual,5269.0,5971.0,,,,https://spea.shj.ae/en/educational-institutions/schools/213,https://spea.shj.ae/media/so5l402k/speaschoolfees_213.pdf,
Al Amal School For The Deaf - Branch 1,Moe,Not Reviewed,Eastern Region - Khorfakkan,30000.0,,,30790.0,30885.0,31140.0,31120.0,AED,Annual,30000.0,31140.0,,,,https://spea.shj.ae/en/educational-institutions/schools/387,https://spea.shj.ae/media/4kkdpc3u/speaschoolfees_387.pdf,
Al Ahliah Pvt. Schools LLC.,Moe,Good,Sharjah - Al Yarmouk,4685.0,,,,,,,AED,Annual,4685.0,4685.0,,,,https://spea.shj.ae/en/educational-institutions/schools/118,https://spea.shj.ae/media/mrbgds5q/%D9%85%D8%AF%D8%B1%D8%B3%D8%A9-%D8%A7%D9%84%D8%A7%D9%87%D9%84%D9%8A%D8%A9-%D8%A7%D9%84%D8%AE%D8%A7%D8%B5%D8%A9-%D9%81%D8%B1%D8%B9-%D8%A7%D9%84%D9%8A%D8%B1%D9%85%D9%88%D9%83.pdf,
Al Ahliah Charity Pvt. School For Girls â€“ BR3,Moe,Not Reviewed,Sharjah - Al Jazzat,,,,,,,,,Annual,,,,,,https://spea.shj.ae/en/educational-institutions/schools/434,https://spea.shj.ae/media/zdghisre/%D8%A7%D9%84%D9%85%D8%AF%D8%B1%D8%B3%D8%A9-%D8%A7%D9%84%D8%A3%D9%87%D9%84%D9%8A%D8%A9-%D8%A7%D9%84%D8%AE%D9%8A%D8%B1%D9%8A%D8%A9-%D8%A7%D9%84%D8%AE%D8%A7%D8%B5%D8%A9-%D8%A7%D9%84%D8%A8%D9%86%D8%A7%D8%AA.pdf,No fee data extracted
Al Amal School For The Deaf,Moe,Good,Sharjah - Al Yarmouk,30000.0,,,30790.0,30885.0,31140.0,31120.0,AED,Annual,30000.0,31140.0,,,,https://spea.shj.ae/en/educational-institutions/schools/216,https://spea.shj.ae/media/0gvlflqz/speaschoolfees_216.pdf,
AL Ahliah Charity Pvt. School - Branch 2,Moe,Good,Sharjah - Al Qadisiya,,,,,,,,,Annual,,,,,,https://spea.shj.ae/en/educational-institutions/schools/211,https://spea.shj.ae/media/2kxn1ixs/%D8%A7%D9%84%D9%85%D8%AF%D8%B1%D8%B3%D8%A9-%D8%A7%D9%84%D8%A3%D9%87%D9%84%D9%8A%D8%A9-%D8%A7%D9%84%D8%AE%D9%8A%D8%B1%D9%8A%D8%A9-%D8%A7%D9%84%D8%AE%D8%A7%D8%B5%D8%A9-%D9%81%D8%B1%D8%B9-2-%D8%A7%D9%84%D9%82%D8%A7%D8%AF%D8%B3%D9%8A%D8%A9.pdf,No fee data extracted
Al Ahliah Pvt. Schools LLC.BR1,Moe,Good,Sharjah - Al Ghubaiba,,,,,,,,,Annual,,,,,,https://spea.shj.ae/en/educational-institutions/schools/160,https://spea.shj.ae/media/a0nlhrtu/speaschoolfees.pdf,No fee data extracted
Al Amana Private School,British,Acceptable,Sharjah - Al Ramla,,9670.0,9670.0,11948.0,12890.0,14120.0,14656.0,AED,Annual,9670.0,14656.0,,,,https://spea.shj.ae/en/educational-institutions/schools/127,https://spea.shj.ae/media/0udcapjt/speaschoolfees_127.pdf,
Al Choueifat Int. School,Sabis,Good,Sharjah - Industrial Area 6,21600.0,,,27400.0,31900.0,35900.0,36300.0,AED,Annual,21600.0,36300.0,,,,https://spea.shj.ae/en/educational-institutions/schools/162,https://spea.shj.ae/media/53wllkyj/speaschoolfees_162.pdf,
Al Bayan National School,Moe,Acceptable,Sharjah - Al Hazana,5276.0,,,7837.0,8835.0,,,AED,Annual,5276.0,8835.0,,,,https://spea.shj.ae/en/educational-institutions/schools/204,https://spea.shj.ae/media/qywpvrrn/speaschoolfees_204.pdf,
Al Dhaid Pvt. School,Moe,Good,Central Region - Al Dhaid,4000.0,,,6000.0,10000.0,,,AED,Annual,4000.0,10000.0,,,,https://spea.shj.ae/en/educational-institutions/schools/105,https://spea.shj.ae/media/bbscgd3y/speaschoolfees_105.pdf,
AL DHIA AL SCIENTIFIC PRIVATE SCHOOL LLC,Moe,Acceptable,Sharjah - Al Ghubaiba,5174.0,,,9543.0,11670.0,,,AED,Annual,5174.0,11670.0,,,,https://spea.shj.ae/en/educational-institutions/schools/192,https://spea.shj.ae/media/d02j5wf2/speaschoolfees_192.pdf,
AL DURRAH INTERNATIONAL SCHOOL LLC,American,Good,Sharjah - Industrial Area 8,18070.0,,,,,,,AED,Annual,18070.0,18070.0,,,,https://spea.shj.ae/en/educational-institutions/schools/132,https://spea.shj.ae/media/sryapy5c/%D9%85%D8%AF%D8%B1%D8%B3%D8%A9-%D8%A7%D9%84%D8%AF%D8%B1%D8%A9-%D8%A7%D9%84%D8%AF%D9%88%D9%84%D9%8A%D8%A9.pdf,
Al Bayan Pvt.School,Moe,Good,Eastern Region - Khorfakkan - Al Qadisiya,4570.0,,,,,,,AED,Annual,4570.0,4570.0,,,,https://spea.shj.ae/en/educational-institutions/schools/158,https://spea.shj.ae/media/w0tir2il/%D9%85%D8%AF%D8%B1%D8%B3%D8%A9-%D8%A7%D9%84%D8%A8%D9%8A%D8%A7%D9%86-%D8%A7%D9%84%D8%AE%D8%A7%D8%B5%D8%A9.pdf,
Al Basaier Pvt. School,Moe,Good,Sharjah - Shargan,7680.0,,,,,,,AED,Annual,7680.0,7680.0,,,,https://spea.shj.ae/en/educational-institutions/schools/176,https://spea.shj.ae/media/vwypfehz/%D9%85%D8%AF%D8%B1%D8%B3%D8%A9-%D8%A7%D9%84%D8%A8%D8%B5%D8%A7%D8%A6%D8%B1-%D8%A7%D9%84%D8%AE%D8%A7%D8%B5%D8%A9.pdf,
AL ANSAR NATIONAL PVT SCHOOL,Moe,Not Reviewed,Sharjah - Al Qarain 3,,,,32500.0,34500.0,41000.0,43000.0,AED,Annual,32500.0,43000.0,,,,https://spea.shj.ae/en/educational-institutions/schools/441,https://spea.shj.ae/media/lwvluvz3/speaschoolfees_441.pdf,
Al Istiqlal Private School L.L.C,Moe,Good,Sharjah - Muwailih,5265.0,,,,,,,AED,Annual,5265.0,5265.0,,,,https://spea.shj.ae/en/educational-institutions/schools/190,https://spea.shj.ae/media/v0bgajlx/%D9%85%D8%AF%D8%B1%D8%B3%D8%A9-%D8%A7%D9%84%D8%A7%D8%B3%D8%AA%D9%82%D9%84%D8%A7%D9%84-%D8%A7%D9%84%D8%AE%D8%A7%D8%B5%D8%A9.pdf,
Al Itqan American School Pvt,American,Good,Sharjah - Al Azra,13020.0,,,,,,,AED,Annual,13020.0,13020.0,,,,https://spea.shj.ae/en/educational-institutions/schools/151,https://spea.shj.ae/media/qvbnovmj/%D9%85%D8%AF%D8%B1%D8%B3%D8%A9-%D8%A7%D9%84%D8%A7%D8%AA%D9%82%D8%A7%D9%86-%D8%A7%D9%84%D8%A3%D9%85%D8%B1%D9%8A%D9%83%D9%8A%D8%A9-%D8%A7%D9%84%D8%AE%D8%A7%D8%B5%D8%A9.pdf,
Al Kamal American Private NT School,American,Good,Sharjah - Al Ramtha,9315.0,,,14479.0,16251.0,37461.0,39600.0,AED,Annual,9315.0,39600.0,,,,https://spea.shj.ae/en/educational-institutions/schools/146,https://spea.shj.ae/media/mlam5dm0/speaschoolfees_146.pdf,
Al kamal American Private NT School -  Branch 2,American,Good,Sharjah - Halwan,12450.0,,,,,,,AED,Annual,12450.0,12450.0,,,,https://spea.shj.ae/en/educational-institutions/schools/159,https://spea.shj.ae/media/fh4di41l/%D9%85%D8%AF%D8%B1%D8%B3%D8%A9-%D8%A7%D9%84%D9%83%D9%85%D8%A7%D9%84-%D8%A7%D9%84%D8%A3%D9%85%D8%B1%D9%8A%D9%83%D9%8A%D8%A9-%D8%A7%D9%84%D8%AF%D9%88%D9%84%D9%8A%D8%A9-%D8%A7%D9%84%D8%AE%D8%A7%D8%B5%D8%A9-%D9%81%D8%B1%D8%B9-2.pdf,
Al Kamal American Private INT School - BR1,American,Good,Sharjah - Al Azra,13085.0,,,,,,,AED,Annual,13085.0,13085.0,,,,https://spea.shj.ae/en/educational-institutions/schools/207,https://spea.shj.ae/media/yqxfk0xo/%D9%85%D8%AF%D8%B1%D8%B3%D8%A9-%D8%A7%D9%84%D9%83%D9%85%D8%A7%D9%84-%D8%A7%D9%84%D8%A3%D9%85%D8%B1%D9%8A%D9%83%D9%8A%D8%A9-%D8%A7%D9%84%D8%AF%D9%88%D9%84%D9%8A%D8%A9-%D8%A7%D9%84%D8%AE%D8%A7%D8%B5%D8%A9-%D9%81%D8%B1%D8%B9-1.pdf,
Al Mawahib British Pvt. School,British,Good,Sharjah - Al Abar,,13430.0,13430.0,20500.0,31775.0,34850.0,,AED,Annual,13430.0,34850.0,,,,https://spea.shj.ae/en/educational-institutions/schools/117,https://spea.shj.ae/media/z3jdhcrf/%D9%85%D8%AF%D8%B1%D8%B3%D8%A9-%D8%A7%D9%84%D9%85%D9%88%D8%A7%D9%87%D8%A8-%D8%A7%D9%84%D8%A8%D8%B1%D9%8A%D8%B7%D8%A7%D9%86%D9%8A%D8%A9-%D8%A7%D9%84%D8%AE%D8%A7%D8%B5%D8%A9.pdf,
Al Marifa Int. Private School (G.C.S.E),British,Very Good,Sharjah - Al Yarmouk,,,,,,23330.0,25820.0,AED,Annual,23330.0,25820.0,,,,https://spea.shj.ae/en/educational-institutions/schools/201,https://spea.shj.ae/media/zddoyxkd/%D9%85%D8%AF%D8%B1%D8%B3%D8%A9-%D8%A7%D9%84%D9%85%D8%B9%D8%B1%D9%81%D8%A9-%D8%A7%D9%84%D8%AF%D9%88%D9%84%D9%8A%D8%A9-%D8%A7%D9%84%D8%AE%D8%A7%D8%B5%D8%A9-%D9%85%D9%86%D9%87%D8%A7%D8%AC-%D8%A8%D8%B1%D9%8A%D8%B7%D8%A7%D9%86%D9%8A.pdf,
Al Mustaqbal Pvt. School,American,Acceptable,Sharjah - Al Yarmouk,8100.0,,,10399.0,16206.0,,,AED,Annual,8100.0,16206.0,,,,https://spea.shj.ae/en/educational-institutions/schools/205,https://spea.shj.ae/media/sz0nneq1/speaschoolfees_205.pdf,
Al Ansar int.pvt.School,British,Very Good,Sharjah - Al Qarain 2,,22440.0,17655.0,22155.0,23970.0,30240.0,30340.0,AED,Annual,17655.0,30340.0,,,,https://spea.shj.ae/en/educational-institutions/schools/108,https://spea.shj.ae/media/ewwlzuzl/%D9%85%D8%AF%D8%B1%D8%B3%D8%A9-%D8%A7%D9%84%D8%A3%D9%86%D8%B5%D8%A7%D8%B1-%D8%A7%D9%84%D8%B9%D8%A7%D9%84%D9%85%D9%8A%D8%A9-%D8%A7%D9%84%D8%AE%D8%A7%D8%B5%D8%A9.pdf,
AL Najma Private School.LLC.,British,Good,Sharjah - Al Azra,,,7060.0,8480.0,11250.0,,,AED,Annual,7060.0,11250.0,,,,https://spea.shj.ae/en/educational-institutions/schools/172,https://spea.shj.ae/media/03kmlg1d/%D9%85%D8%AF%D8%B1%D8%B3%D8%A9-%D8%A7%D9%84%D9%86%D8%AC%D9%85%D8%A9-%D8%A7%D9%84%D8%AE%D8%A7%D8%B5%D8%A9.pdf,
Al Murooj (Pvt) Eng. Kindergarten & School,British,Good,Sharjah - Al Azra,,12345.0,12345.0,15205.0,16185.0,,,AED,Annual,12345.0,16185.0,,,,https://spea.shj.ae/en/educational-institutions/schools/122,https://spea.shj.ae/media/vwyofvwy/%D9%85%D8%AF%D8%B1%D8%B3%D8%A9-%D9%88%D8%B1%D9%88%D8%B6%D8%A9-%D8%A7%D9%84%D9%85%D8%B1%D9%88%D8%AC-%D8%A7%D9%84%D8%A7%D9%86%D8%AC%D9%84%D9%8A%D8%B2%D9%8A%D8%A9-%D8%A7%D9%84%D8%AE%D8%A7%D8%B5%D8%A9.pdf,
Al Marifa Int. Private School (American),American,Very Good,Sharjah - Al Yarmouk,14675.0,,,,,,,AED,Annual,14675.0,14675.0,,,,https://spea.shj.ae/en/educational-institutions/schools/135,https://spea.shj.ae/media/1cibzesp/%D9%85%D8%AF%D8%B1%D8%B3%D8%A9-%D8%A7%D9%84%D9%85%D8%B9%D8%B1%D9%81%D8%A9-%D8%A7%D9%84%D8%AF%D9%88%D9%84%D9%8A%D8%A9-%D8%A7%D9%84%D8%AE%D8%A7%D8%B5%D8%A9-%D9%85%D9%86%D9%87%D8%A7%D8%AC-%D8%A7%D9%85%D8%B1%D9%8A%D9%83%D9%8A.pdf,
Al Qemah Private School,Moe,Acceptable,Eastern Region - Khorfakkan - Al Qadisiya,4871.0,,,6420.0,7417.0,,,AED,Annual,4871.0,7417.0,,,,https://spea.shj.ae/en/educational-institutions/schools/137,https://spea.shj.ae/media/yidjjgqa/speaschoolfees_137.pdf,
Al Resalah American International School LLC,American,Good,Sharjah - Al Rahmaniyah,18010.0,,,,,,,AED,Annual,18010.0,18010.0,,,,https://spea.shj.ae/en/educational-institutions/schools/178,https://spea.shj.ae/media/2u3di55q/%D9%85%D8%AF%D8%B1%D8%B3%D8%A9-%D8%A7%D9%84%D8%B1%D8%B3%D8%A7%D9%84%D8%A9-%D8%A7%D9%84%D8%A3%D9%85%D8%B1%D9%8A%D9%83%D9%8A%D8%A9-%D8%A7%D9%84%D8%AF%D9%88%D9%84%D9%8A%D8%A9-%D8%A7%D9%84%D8%AE%D8%A7%D8%B5%D8%A91.pdf,
Al Sabah Indian Pvt. School,Indian,Acceptable,Central Region - Al Dhaid,3848.0,,,5620.0,7088.0,12859.0,12859.0,AED,Annual,3848.0,12859.0,,,,https://spea.shj.ae/en/educational-institutions/schools/103,https://spea.shj.ae/media/gp0dy3yx/speaschoolfees_103.pdf,
Al Resalah International private School of Science LLC,American,Good,Sharjah - Al Azra,15415.0,,,,,,,AED,Annual,15415.0,15415.0,,,,https://spea.shj.ae/en/educational-institutions/schools/185,https://spea.shj.ae/media/w2hkyw24/%D9%85%D8%AF%D8%B1%D8%B3%D8%A9-%D8%A7%D9%84%D8%B1%D8%B3%D8%A7%D9%84%D8%A9-%D8%A7%D9%84%D8%B9%D9%84%D9%85%D9%8A%D8%A9-%D8%A7%D9%84%D8%AF%D9%88%D9%84%D9%8A%D8%A9-%D8%A7%D9%84%D8%AE%D8%A7%D8%B5%D8%A91.pdf,
Al Rowad British private school,British,Acceptable,Sharjah - Al Azra,,,11800.0,16500.0,18800.0,18800.0,,AED,Annual,11800.0,18800.0,,,,https://spea.shj.ae/en/educational-institutions/schools/353,https://spea.shj.ae/media/432ppu11/speaschoolfees_353.pdf,
Al Rushed American Private School,American,Good,Sharjah - Muwailih,12765.0,,,,,,,AED,Annual,12765.0,12765.0,,,,https://spea.shj.ae/en/educational-institutions/schools/150,https://spea.shj.ae/media/y5idaeve/%D9%85%D8%AF%D8%B1%D8%B3%D8%A9-%D8%A7%D9%84%D8%B1%D8%B4%D8%AF-%D8%A7%D9%84%D8%A3%D9%85%D8%B1%D9%8A%D9%83%D9%8A%D8%A9-%D8%A7%D9%84%D8%AE%D8%A7%D8%B5%D8%A9.pdf,
Al Noor Int. School L.L.C,Moe,Good,Sharjah - Al Ghubaiba,4845.0,,,,,,,AED,Annual,4845.0,4845.0,,,,https://spea.shj.ae/en/educational-institutions/schools/194,https://spea.shj.ae/media/j1ihuasv/%D9%85%D8%AF%D8%B1%D8%B3%D8%A9-%D8%A7%D9%84%D9%86%D9%88%D8%B1-%D8%A7%D9%84%D8%AF%D9%88%D9%84%D9%8A%D8%A9-%D8%A7%D9%84%D8%AE%D8%A7%D8%B5%D8%A9.pdf,
AL TAFAWQ PRIVATE SCHOOL,Moe,Acceptable,Central Region - Al Dhaid,2947.0,,,5002.0,5797.0,,,AED,Annual,2947.0,5797.0,,,,https://spea.shj.ae/en/educational-institutions/schools/168,https://spea.shj.ae/media/crqntn34/speaschoolfees_168.pdf,
AL SALEH PRIVATE SCHOOL FOR GIRLS,Moe,Good,Sharjah - Al Nakheelat,,,,,,,,,Annual,,,,,,https://spea.shj.ae/en/educational-institutions/schools/163,https://spea.shj.ae/media/h5ogqbpw/%D9%85%D8%AF%D8%B1%D8%B3%D8%A9-%D8%A7%D9%84%D8%B5%D8%A7%D9%84%D8%AD-%D9%84%D9%84%D8%A8%D9%86%D8%A7%D8%AA-%D8%A7%D9%84%D8%AE%D8%A7%D8%B5%D8%A9.pdf,No fee data extracted
Al Shola Pvt. School LLC,Moe,Good,Sharjah - Al Falah,6105.0,,,,,,,AED,Annual,6105.0,6105.0,,,,https://spea.shj.ae/en/educational-institutions/schools/149,https://spea.shj.ae/media/qrinvi35/%D9%85%D8%AF%D8%B1%D8%B3%D8%A9-%D8%A7%D9%84%D8%B4%D8%B9%D9%84%D8%A9-%D8%A7%D9%84%D8%AE%D8%A7%D8%B5%D8%A9-%D8%A8%D9%86%D8%A7%D8%AA.pdf,
AL ULLA PRIVATE SCHOOL LLC.,Moe,Acceptable,Sharjah - Al Azra,4769.0,,,6754.0,7822.0,,,AED,Annual,4769.0,7822.0,,,,https://spea.shj.ae/en/educational-institutions/schools/128,https://spea.shj.ae/media/3ycdrr4w/speaschoolfees_128.pdf,
Al Wahda (P.V.T)  School LLC,American,Good,Sharjah - Al Qarain,20135.0,,,,,,,AED,Annual,20135.0,20135.0,,,,https://spea.shj.ae/en/educational-institutions/schools/129,https://spea.shj.ae/media/xyapr13l/%D9%85%D8%AF%D8%B1%D8%B3%D8%A9-%D8%A7%D9%84%D9%88%D8%AD%D8%AF%D8%A9-%D8%A7%D9%84%D8%AE%D8%A7%D8%B5%D8%A9.pdf,
Al Shola Pvt.School LLC.BR1,Moe,Good,Sharjah - Industrial Area 13,,,,,,,,,Annual,,,,,,https://spea.shj.ae/en/educational-institutions/schools/179,https://spea.shj.ae/media/4n5n2l3a/%D9%85%D8%AF%D8%B1%D8%B3%D8%A9-%D8%A7%D9%84%D8%B4%D8%B9%D9%84%D8%A9-%D8%A7%D9%84%D8%AE%D8%A7%D8%B5%D8%A9-%D9%81%D8%B1%D8%B9-1.pdf,No fee data extracted
Alsedra Private School,Moe,Acceptable,Eastern Region - Kalba - Al Musalla,6560.0,,,7900.0,9500.0,13980.0,15520.0,AED,Annual,6560.0,15520.0,,,,https://spea.shj.ae/en/educational-institutions/schools/427,https://spea.shj.ae/media/bevac4fy/speaschoolfees_427.pdf,
Ambassador School LLC,Indian,Very Good,Sharjah - Muwailih,14145.0,,,,,,,AED,Annual,14145.0,14145.0,,,,https://spea.shj.ae/en/educational-institutions/schools/188,https://spea.shj.ae/media/04slo3vx/%D9%85%D8%AF%D8%B1%D8%B3%D8%A9-%D8%A7%D9%85%D8%A8%D8%A7%D8%B3%D8%A7%D8%AF%D9%88%D8%B1-%D8%A7%D9%84%D8%AE%D8%A7%D8%B5%D8%A9.pdf,
Al Zehour Private School LLC,American,Good,Sharjah - Muwailih,13345.0,,,,,,,AED,Annual,13345.0,13345.0,,,,https://spea.shj.ae/en/educational-institutions/schools/113,https://spea.shj.ae/media/plykqha2/%D9%85%D8%AF%D8%B1%D8%B3%D8%A9-%D8%A7%D9%84%D8%B2%D9%87%D9%88%D8%B1-%D8%A7%D9%84%D8%AE%D8%A7%D8%B5%D8%A9.pdf,
Amity Pvt. School LLC,Indian,Very Good,Sharjah - Muwailih,14760.0,,,21628.0,24293.0,25420.0,25420.0,AED,Annual,14760.0,25420.0,,,,https://spea.shj.ae/en/educational-institutions/schools/217,https://spea.shj.ae/media/hxhnsqx3/speaschoolfees_217.pdf,
American Gulf School L.L.C,American,Good,Sharjah - Al Rahmaniyah 6,40640.0,,,55040.0,64240.0,72040.0,75440.0,AED,Annual,40640.0,75440.0,,,,https://spea.shj.ae/en/educational-institutions/schools/412,https://spea.shj.ae/media/zf1amr2f/speaschoolfees_412.pdf,
American Private School of Kalba,American,Good,Eastern Region - Kalba,,,,,,,,,Annual,,,,,,https://spea.shj.ae/en/educational-institutions/schools/166,https://spea.shj.ae/media/zc5pnebz/%D8%A7%D9%84%D9%85%D8%AF%D8%B1%D8%B3%D8%A9-%D8%A7%D9%84%D8%A3%D9%85%D8%B1%D9%8A%D9%83%D9%8A%D8%A9-%D8%A7%D9%84%D8%AE%D8%A7%D8%B5%D8%A9-%D8%A8%D9%83%D9%84%D8%A8%D8%A7%D8%A1.pdf,No fee data extracted
American School of Creative Science Pvt Per Person Company. LLC,American,Good,Sharjah - Industrial Area 18,23430.0,,,,,,,AED,Annual,23430.0,23430.0,,,,https://spea.shj.ae/en/educational-institutions/schools/134,https://spea.shj.ae/media/whje1zrt/%D8%A7%D9%84%D9%85%D8%AF%D8%B1%D8%B3%D8%A9-%D8%A7%D9%84%D8%A3%D9%85%D8%B1%D9%8A%D9%83%D9%8A%D8%A9-%D9%84%D9%84%D8%A7%D8%A8%D8%AF%D8%A7%D8%B9-%D8%A7%D9%84%D8%B9%D9%84%D9%85%D9%8A-%D8%A7%D9%84%D8%AE%D8%A7%D8%B5%D8%A9.pdf,
American School of Creative Scince Pvt - Branch 1,American,Good,Sharjah - Al Liyah,20705.0,,,,,,,AED,Annual,20705.0,20705.0,,,,https://spea.shj.ae/en/educational-institutions/schools/147,https://spea.shj.ae/media/p4akmaxb/%D8%A7%D9%84%D9%85%D8%AF%D8%B1%D8%B3%D8%A9-%D8%A7%D9%84%D8%A3%D9%85%D8%B1%D9%8A%D9%83%D9%8A%D8%A9-%D9%84%D9%84%D8%A5%D8%A8%D8%AF%D8%A7%D8%B9-%D8%A7%D9%84%D8%B9%D9%84%D9%85%D9%8A-%D8%A7%D9%84%D8%AE%D8%A7%D8%B5%D8%A9-%D9%81%D8%B1%D8%B9-1.pdf,
Australian International Pvt. School,Australian,Very Good,Sharjah - Industrial Area 18,38077.0,,,50999.0,54199.0,62681.0,69129.0,AED,Annual,38077.0,69129.0,,,,https://spea.shj.ae/en/educational-institutions/schools/123,https://spea.shj.ae/media/fxufo4tq/speaschoolfees_123.pdf,
Beaconhouse Al Khaleej International School LLC,American,Good,Sharjah - Al Azra,16285.0,,,,,,,AED,Annual,16285.0,16285.0,,,,https://spea.shj.ae/en/educational-institutions/schools/102,https://spea.shj.ae/media/3xfffcw5/%D9%85%D8%AF%D8%B1%D8%B3%D8%A9-%D8%A8%D9%8A%D9%83%D9%88%D9%86-%D9%87%D8%A7%D9%88%D8%B3-%D8%A7%D9%84%D8%AE%D9%84%D9%8A%D8%AC-%D8%A7%D9%84%D8%B9%D8%A7%D9%84%D9%85%D9%8A%D9%87.pdf,
Aspam Indian Int.  Pvt. School. LLC,Indian,Good,Sharjah - Al Azra,13135.0,,,,,,,AED,Annual,13135.0,13135.0,,,,https://spea.shj.ae/en/educational-institutions/schools/107,https://spea.shj.ae/media/twzlax2q/%D9%85%D8%AF%D8%B1%D8%B3%D8%A9-%D8%A3%D8%B3%D8%A8%D8%A7%D9%85-%D8%A7%D9%84%D9%87%D9%86%D8%AF%D9%8A%D8%A9-%D8%A7%D9%84%D8%AF%D9%88%D9%84%D9%8A%D8%A9-%D8%A7%D9%84%D8%AE%D8%A7%D8%B5%D8%A9.pdf,
Darb Al Saada Private School,Moe,Good,Sharjah - Al Ghubaiba,12000.0,,,18000.0,22000.0,26000.0,28000.0,AED,Annual,12000.0,28000.0,,,,https://spea.shj.ae/en/educational-institutions/schools/426,https://spea.shj.ae/media/nvqcfzzw/speaschoolfees_426.pdf,
Bhavans Pearl Wisdom School L.L.C,Indian,Not Reviewed,Sharjah - Al Azra,11200.0,,,15900.0,17900.0,20200.0,21200.0,AED,Annual,11200.0,21200.0,,,,https://spea.shj.ae/en/educational-institutions/schools/440,https://spea.shj.ae/media/mejokks3/speaschoolfees_440.pdf,
East Coast Eng school,Indian,Acceptable,Sharjah - Khorfakkan,3544.0,,,4253.0,4557.0,5063.0,,AED,Annual,3544.0,5063.0,,,,https://spea.shj.ae/en/educational-institutions/schools/187,https://spea.shj.ae/media/x4qmcd4y/speaschoolfees_187.pdf,
Delhi Pvt.School LLC.,Indian,Very Good,Sharjah - Muwailih,12540.0,,,,,,,AED,Annual,12540.0,12540.0,,,,https://spea.shj.ae/en/educational-institutions/schools/203,https://spea.shj.ae/media/e2ootgbb/%D9%85%D8%AF%D8%B1%D8%B3%D8%A9-%D8%AF%D9%84%D9%87%D9%8A-%D8%A7%D9%84%D8%AE%D8%A7%D8%B5%D8%A9.pdf,
Emirates American School,American,Good,Sharjah - Al Falah 6,18060.0,,,,,,,AED,Annual,18060.0,18060.0,,,,https://spea.shj.ae/en/educational-institutions/schools/145,https://spea.shj.ae/media/qqnbchwm/%D8%A7%D9%84%D9%85%D8%AF%D8%B1%D8%B3%D8%A9-%D8%A7%D9%84%D8%A5%D9%85%D8%A7%D8%B1%D8%A7%D8%AA%D9%8A%D8%A9-%D8%A7%D9%84%D8%A5%D9%85%D8%B1%D9%8A%D9%83%D9%8A%D8%A9.pdf,
Cloud British Pvt. School,British,Acceptable,Sharjah - Al Ramla,,19000.0,19000.0,25000.0,29000.0,,,AED,Annual,19000.0,29000.0,,,,https://spea.shj.ae/en/educational-institutions/schools/431,https://spea.shj.ae/media/frij1pbx/speaschoolfees_431.pdf,
Emirates National School,Indian,Good,Sharjah - Al Nakheelat,3940.0,,,,,,,AED,Annual,3940.0,3940.0,,,,https://spea.shj.ae/en/educational-institutions/schools/171,https://spea.shj.ae/media/hmxlbguz/%D9%85%D8%AF%D8%B1%D8%B3%D8%A9-%D8%A7%D9%84%D8%A7%D9%85%D8%A7%D8%B1%D8%A7%D8%AA-%D8%A7%D9%84%D8%A3%D9%87%D9%84%D9%8A%D8%A9.pdf,
Al Dawha School LLC.,American,Good,Sharjah - Al Azra,10790.0,,,,,,,AED,Annual,10790.0,10790.0,,,,https://spea.shj.ae/en/educational-institutions/schools/136,https://spea.shj.ae/media/ay0a13gm/%D9%85%D8%AF%D8%B1%D8%B3%D8%A9-%D8%A7%D9%84%D9%86%D8%AE%D8%A8%D8%A9-%D8%A7%D9%84%D8%AE%D8%A7%D8%B5%D8%A9.pdf,
Brilliant Int. Private School,British,Good,Sharjah - Muwailih,,14560.0,14560.0,19365.0,22800.0,26215.0,28600.0,AED,Annual,14560.0,28600.0,3250,4000,"bips.ae â€” Sharjah AED 3,250 Â· Ajman AED 3,750 Â· Dubai (Silicon Oasis/Mirdif) AED 4,000",https://spea.shj.ae/en/educational-institutions/schools/104,https://spea.shj.ae/media/hc0nouy1/%D9%85%D8%AF%D8%B1%D8%B3%D8%A9-%D8%A8%D8%B1%D9%8A%D9%84%D9%8A%D9%86%D8%AA-%D8%A7%D9%86%D8%AA%D8%B1%D9%86%D8%A7%D8%B4%D9%8A%D9%88%D9%86%D8%A7%D9%84-%D8%A7%D9%84%D8%AE%D8%A7%D8%B5%D8%A9.pdf,
Emirates National Schools,American,Very Good,Sharjah - Al Rahmaniyah 3,17950.0,,,,,,,AED,Annual,17950.0,17950.0,,,,https://spea.shj.ae/en/educational-institutions/schools/141,https://spea.shj.ae/media/apocr3pf/%D9%85%D8%AF%D8%A7%D8%B1%D8%B3-%D8%A7%D9%84%D8%A5%D9%85%D8%A7%D8%B1%D8%A7%D8%AA-%D8%A7%D9%84%D9%88%D8%B7%D9%86%D9%8A%D8%A9.pdf,
ENGLISH PRIVATE SCHOOL OF KALBA,British,Good,Eastern Region - Kalba - Al Mahatta,,12350.0,12350.0,15265.0,16855.0,22040.0,23175.0,AED,Annual,12350.0,23175.0,,,,https://spea.shj.ae/en/educational-institutions/schools/144,https://spea.shj.ae/media/f1egzgch/%D8%A7%D9%84%D9%85%D8%AF%D8%B1%D8%B3%D8%A9-%D8%A7%D9%84%D8%A7%D9%86%D8%AC%D9%84%D9%8A%D8%B2%D9%8A%D8%A9-%D8%A7%D9%84%D8%AE%D8%A7%D8%B5%D8%A9-%D8%A8%D9%83%D9%84%D8%A8%D8%A7%D8%A1.pdf,
EMIRATES EDUCATIONAL CORPORATION EMIRATES PRIVATE SCHOOL L.L.C,Moe,Good,Sharjah - Al Manakh,7945.0,,,,,,,AED,Annual,7945.0,7945.0,,,,https://spea.shj.ae/en/educational-institutions/schools/131,https://spea.shj.ae/media/vgubhhww/%D9%85%D8%AF%D8%B1%D8%B3%D8%A9-%D8%A7%D9%84%D8%A5%D9%85%D8%A7%D8%B1%D8%A7%D8%AA-%D8%A7%D9%84%D8%AE%D8%A7%D8%B5%D8%A9.pdf,
Far Eastern Pvt. School - Branch 1,Pilipinas,Acceptable,Sharjah - Al Abar,4617.0,,,5660.0,7255.0,8541.0,9619.0,AED,Annual,4617.0,9619.0,,,,https://spea.shj.ae/en/educational-institutions/schools/214,https://spea.shj.ae/media/drna0svt/speaschoolfees_214.pdf,
Gems Cambridge International Private School Sharjah,British,Very Good,Sharjah - Muwailih,,22175.0,22175.0,25695.0,28030.0,32905.0,34800.0,AED,Annual,22175.0,34800.0,4830,6390,"gemscambridgeschool-sharjah.com â€” Muwailah AED 4,830 Â· Sharjah AED 5,350 Â· Dubai AED 5,870â€“6,390",https://spea.shj.ae/en/educational-institutions/schools/352,https://spea.shj.ae/media/xbxjjylk/%D9%85%D8%AF%D8%B1%D8%B3%D8%A9-%D8%AC%D9%8A%D9%85%D8%B3-%D9%83%D8%A7%D9%85%D8%A8%D8%B1%D9%8A%D8%AF%D8%AC-%D8%A7%D9%86%D8%AA%D8%B1%D9%86%D8%A7%D8%B4%D9%88%D9%86%D8%A7%D9%84-%D8%A7%D9%84%D8%AE%D8%A7%D8%B5%D8%A9.pdf,
Gems Westminster School Sharjah LLC,British,Good,Sharjah - Muwailih,,13765.0,13715.0,16990.0,18850.0,23920.0,27005.0,AED,Annual,13715.0,27005.0,,,,https://spea.shj.ae/en/educational-institutions/schools/120,https://spea.shj.ae/media/dl1gb3ek/%D9%85%D8%AF%D8%B1%D8%B3%D8%A9-%D8%AC%D9%8A%D9%85%D8%B3-%D9%88%D9%8A%D8%B3%D8%AA%D9%85%D9%86%D8%B3%D8%AA%D8%B1-%D8%A7%D9%84%D8%AE%D8%A7%D8%B5%D8%A9.pdf,
German INT. School Sharjah,German,Good,Sharjah - Al Abar,21525.0,,,38392.0,38428.0,49985.0,50051.0,AED,Annual,21525.0,50051.0,,,,https://spea.shj.ae/en/educational-institutions/schools/215,https://spea.shj.ae/media/0grj420t/speaschoolfees_215.pdf,
Gems Millennium Private School,Indian,Outstanding,Sharjah - Muwailih,17885.0,,,,,,,AED,Annual,17885.0,17885.0,,,,https://spea.shj.ae/en/educational-institutions/schools/198,https://spea.shj.ae/media/xbkiexpa/%D9%85%D8%AF%D8%B1%D8%B3%D8%A9-%D8%AC%D9%8A%D9%85%D8%B3-%D9%85%D9%8A%D9%84%D9%8A%D9%86%D9%8A%D9%88%D9%85-%D8%A7%D9%84%D8%AE%D8%A7%D8%B5%D8%A9.pdf,
French International Private School - SHJ,French,Very Good,Sharjah - Al Abar,28000.0,,,46400.0,46400.0,,,AED,Annual,28000.0,46400.0,,,,https://spea.shj.ae/en/educational-institutions/schools/206,https://spea.shj.ae/media/zo5bfi1b/speaschoolfees_206.pdf,
Happy Home Eng. School L.L.C,British,Acceptable,Sharjah - Al Ghubaiba,,,4900.0,5400.0,5400.0,,,AED,Annual,4900.0,5400.0,,,,https://spea.shj.ae/en/educational-institutions/schools/173,https://spea.shj.ae/media/tgbipmmg/speaschoolfees_173.pdf,
Gulf Asian English Schools LLC,Indian,Good,Sharjah - Muwailih,5730.0,,,,,,,AED,Annual,5730.0,5730.0,,,,https://spea.shj.ae/en/educational-institutions/schools/195,https://spea.shj.ae/media/drra1hfl/%D8%A7%D9%84%D9%85%D8%AF%D8%B1%D8%B3%D8%A9-%D8%A7%D9%84%D8%AE%D9%84%D9%8A%D8%AC%D9%8A%D8%A9-%D8%A7%D9%84%D8%A2%D8%B3%D9%8A%D9%88%D9%8A%D8%A9-%D8%A7%D9%84%D8%A7%D9%86%D8%AC%D9%84%D9%8A%D8%B2%D9%8A%D8%A9-%D8%A7%D9%84%D8%AE%D8%A7%D8%B5%D8%A9.pdf,
Indian Excellent Pvt. School,Indian,Acceptable,Sharjah - Al Azra,4354.0,,,5012.0,7392.0,9467.0,10581.0,AED,Annual,4354.0,10581.0,,,,https://spea.shj.ae/en/educational-institutions/schools/164,https://spea.shj.ae/media/pxinaxzu/speaschoolfees_164.pdf,
Far Eastern Pvt.School,Pilipinas,Good,Sharjah - Al Shahba,4720.0,,,,,,,AED,Annual,4720.0,4720.0,,,,https://spea.shj.ae/en/educational-institutions/schools/148,https://spea.shj.ae/media/pgdex22u/%D9%85%D8%AF%D8%B1%D8%B3%D8%A9-%D9%81%D8%A7%D8%B1-%D8%A7%D9%8A%D8%B3%D8%AA%D8%B1%D9%86-%D8%A7%D9%84%D8%AE%D8%A7%D8%B5%D8%A9.pdf,
Ibn Seena English High School L.L.C.,British,Good,Sharjah - Al Shahba,,,5775.0,8670.0,8755.0,9455.0,12105.0,AED,Annual,5775.0,12105.0,3400,3750,"ibnseenaschool.net PDF â€” Sharjah AED 3,400 Â· Ajman AED 3,750",https://spea.shj.ae/en/educational-institutions/schools/110,https://spea.shj.ae/media/kounzvsn/%D9%85%D8%AF%D8%B1%D8%B3%D8%A9-%D8%A7%D8%A8%D9%86-%D8%B3%D9%8A%D9%86%D8%A7-%D8%A7%D9%84%D8%A5%D9%86%D8%AC%D9%84%D9%8A%D8%B2%D9%8A%D8%A9-%D8%A7%D9%84%D8%B9%D8%A7%D9%84%D9%8A%D8%A9-%D8%A7%D9%84%D8%AE%D8%A7%D8%B5%D8%A9.pdf,
Khalifah Al Hamza American Private School - L - L.L.C - S.P,American,Good,Central Region - Al Madam,22300.0,,,41550.0,41550.0,,,AED,Annual,22300.0,41550.0,,,,https://spea.shj.ae/en/educational-institutions/schools/218,https://spea.shj.ae/media/ciwbbrta/speaschoolfees_218.pdf,
India International School LLC,Indian,Good,Sharjah - Muwailih,7985.0,,,,,,,AED,Annual,7985.0,7985.0,,,,https://spea.shj.ae/en/educational-institutions/schools/152,https://spea.shj.ae/media/or4hyfkr/%D8%A7%D9%84%D9%85%D8%AF%D8%B1%D8%B3%D8%A9-%D8%A7%D9%84%D9%87%D9%86%D8%AF%D9%8A%D8%A9-%D8%A7%D9%86%D8%AA%D8%B1%D9%86%D8%A7%D8%B4%D9%88%D9%86%D8%A7%D9%84.pdf,
Leaders Private School,Indian,Good,Sharjah - Al Azra,8815.0,,,10712.0,11737.0,11788.0,14043.0,AED,Annual,8815.0,14043.0,,,,https://spea.shj.ae/en/educational-institutions/schools/138,https://spea.shj.ae/media/hffjvh0h/speaschoolfees_138.pdf,
Manthena American School L.L.C,American,Good,Sharjah - Muwailih,31680.0,,,42380.0,48280.0,51580.0,51580.0,AED,Annual,31680.0,51580.0,,,,https://spea.shj.ae/en/educational-institutions/schools/416,https://spea.shj.ae/media/kqqoudtw/speaschoolfees_416.pdf,
Masar Private School L.L.C,American,Acceptable,Sharjah - Al Azra,23000.0,,,28000.0,37500.0,38000.0,38000.0,AED,Annual,23000.0,38000.0,,,,https://spea.shj.ae/en/educational-institutions/schools/398,https://spea.shj.ae/media/po3iifcy/speaschoolfees_398.pdf,
Manarat Al Sharjah Private School. LLC,Moe,Good,Sharjah - Samnan,8630.0,,,,,,,AED,Annual,8630.0,8630.0,,,,https://spea.shj.ae/en/educational-institutions/schools/139,https://spea.shj.ae/media/1xgnx521/%D9%85%D8%AF%D8%B1%D8%B3%D8%A9-%D9%85%D9%86%D8%A7%D8%B1%D8%A9-%D8%A7%D9%84%D8%B4%D8%A7%D8%B1%D9%82%D8%A9-%D8%A7%D9%84%D8%AE%D8%A7%D8%B5%D8%A9.pdf,
Nibras Al Iman Pvt. School LLC,American,Acceptable,Sharjah - Al Azra,9012.0,,,14348.0,17152.0,20418.0,20483.0,AED,Annual,9012.0,20483.0,,,,https://spea.shj.ae/en/educational-institutions/schools/133,https://spea.shj.ae/media/ozonuydf/speaschoolfees_133.pdf,
Our Own English High  School - B1,Indian,Very Good,Sharjah - Juwaiza,8480.0,,,,,,,AED,Annual,8480.0,8480.0,,,,https://spea.shj.ae/en/educational-institutions/schools/167,https://spea.shj.ae/media/1mpbf5jw/%D9%85%D8%AF%D8%B1%D8%B3%D8%AA%D9%86%D8%A7-%D8%A7%D9%84%D8%AB%D8%A7%D9%86%D9%88%D9%8A%D8%A9-%D8%A7%D9%84%D8%A5%D9%86%D8%AC%D9%84%D9%8A%D8%B2%D9%8A%D8%A9-%D8%A7%D9%84%D8%AE%D8%A7%D8%B5%D8%A9-%D9%81%D8%B1%D8%B9-%D8%A8%D9%86%D9%8A%D9%86.pdf,
International School of Creative Science Pvt,British,Very Good,Sharjah - Muwailih,,,,,,,,,Annual,,,,,,https://spea.shj.ae/en/educational-institutions/schools/124,https://spea.shj.ae/media/ukhafbg5/speaschoolfees.pdf,No fee data extracted
New Indian Model School,Indian,Good,Sharjah - Al Azra,4155.0,,,,,,,AED,Annual,4155.0,4155.0,,,,https://spea.shj.ae/en/educational-institutions/schools/165,https://spea.shj.ae/media/z0efvijs/%D8%A7%D9%84%D9%85%D8%AF%D8%B1%D8%B3%D8%A9-%D8%A7%D9%84%D9%87%D9%86%D8%AF%D9%8A%D8%A9-%D8%A7%D9%84%D9%86%D9%85%D9%88%D8%B0%D8%AC%D9%8A%D8%A9-%D8%A7%D9%84%D8%AC%D8%AF%D9%8A%D8%AF%D8%A9-%D8%A7%D9%84%D8%AE%D8%A7%D8%B5%D8%A9.pdf,
Private School of Scientific Innovation,American,Acceptable,Sharjah - Al Rahmaniyah,,,,,,,,,Annual,,,,,,https://spea.shj.ae/en/educational-institutions/schools/386,https://spea.shj.ae/media/dugnms0j/feestructure_2024-2025_private_school_of_scientific_innovation.pdf,PDF download failed
Our Own English High School,Indian,Very Good,Sharjah - Industrial Area 6,8380.0,,,,,,,AED,Annual,8380.0,8380.0,,,,https://spea.shj.ae/en/educational-institutions/schools/177,https://spea.shj.ae/media/xpqcrsbl/%D9%85%D8%AF%D8%B1%D8%B3%D8%AA%D9%86%D8%A7-%D8%A7%D9%84%D8%AB%D8%A7%D9%86%D9%88%D9%8A%D8%A9-%D8%A7%D9%84%D8%A5%D9%86%D8%AC%D9%84%D9%8A%D8%B2%D9%8A%D8%A9-%D8%A7%D9%84%D8%AE%D8%A7%D8%B5%D8%A9.pdf,
Pakistan Islamia Higher Secondary School -SHJ.LLC,Pakistani,Good,Sharjah - Al Ghubaiba,5120.0,,,,,,,AED,Annual,5120.0,5120.0,,,,https://spea.shj.ae/en/educational-institutions/schools/212,https://spea.shj.ae/media/ytqopx4o/%D8%A7%D9%84%D9%85%D8%AF%D8%B1%D8%B3%D8%A9-%D8%A7%D9%84%D8%A8%D8%A7%D9%83%D8%B3%D8%AA%D8%A7%D9%86%D9%8A%D8%A9-%D8%A7%D9%84%D8%A7%D8%B3%D9%84%D8%A7%D9%85%D9%8A%D8%A9-%D8%A7%D9%84%D8%AB%D8%A7%D9%86%D9%88%D9%8A%D8%A9-%D8%A7%D9%84%D8%AE%D8%A7%D8%B5%D8%A9.pdf,
Pace British School L.L.C,British,Good,Sharjah - Muwailih,,26055.0,26055.0,35060.0,38250.0,42800.0,42900.0,AED,Annual,26055.0,42900.0,4000,5200,"pacebritish.com â€” National Paints AED 4,000 Â· Sharjah AED 4,300 Â· Ajman AED 4,500 Â· Dubai AED 4,800â€“5,200",https://spea.shj.ae/en/educational-institutions/schools/384,https://spea.shj.ae/media/rnfabfmx/%D9%85%D8%AF%D8%B1%D8%B3%D8%A9-%D8%A8%D9%8A%D8%B3-%D8%A7%D9%84%D8%A8%D8%B1%D9%8A%D8%B7%D8%A7%D9%86%D9%8A%D8%A9-%D8%A7%D9%84%D8%AE%D8%A7%D8%B5%D8%A9.pdf,
Pamir Private School L.L.C S.P,Pakistani,Good,Sharjah - Al Rahmaniyah,10500.0,,,14600.0,18750.0,20850.0,20850.0,AED,Annual,10500.0,20850.0,,,,https://spea.shj.ae/en/educational-institutions/schools/220,https://spea.shj.ae/media/z1oos3gp/speaschoolfees_220.pdf,
Pace International School LLC,Indian,Good,Sharjah - Muwailih,10690.0,,,,,,,AED,Annual,10690.0,10690.0,,,,https://spea.shj.ae/en/educational-institutions/schools/182,https://spea.shj.ae/media/bbhjqowb/%D9%85%D8%AF%D8%B1%D8%B3%D8%A9-%D8%A8%D9%8A%D8%B3-%D8%A7%D9%84%D8%AF%D9%88%D9%84%D9%8A%D8%A9.pdf,
Progressive Eng. School LLC,Indian,Acceptable,Sharjah - Al Yarmouk,4420.0,,,6320.0,6320.0,7620.0,7620.0,AED,Annual,4420.0,7620.0,,,,https://spea.shj.ae/en/educational-institutions/schools/175,https://spea.shj.ae/media/iftoqtgn/speaschoolfees_175.pdf,
Bin Khaldun Pvt. School,Moe,Acceptable,Sharjah - Al Azra,6491.0,,,8242.0,9240.0,,,AED,Annual,6491.0,9240.0,,,,https://spea.shj.ae/en/educational-institutions/schools/170,https://spea.shj.ae/media/ehdbma3o/speaschoolfees_170.pdf,
